[watch] waiting for S3 driver to finish ...
[watch] S3 done at Sat Sep 19 19:58:46 CST 2026
[S4] formal test evals (with CPLEX reference)
DN-WTA v3 family evaluation
  split=test instances=dn_5x100_K10_s01.txt, dn_5x100_K10_s02.txt
  policy=maddpg (with per-step CPLEX reference) seeds=30 (base 42) timelimit=30s

=== dn_5x100_K10_s01.txt (m=5 n=100 K=10 mu=6 pool=30 total_value=8157) ===
  MC runs done: 1/30
  MC runs done: 2/30
  MC runs done: 3/30
  MC runs done: 4/30
  MC runs done: 5/30
  MC runs done: 6/30
  MC runs done: 7/30
  MC runs done: 8/30
  MC runs done: 9/30
  MC runs done: 10/30
  MC runs done: 11/30
  MC runs done: 12/30
  MC runs done: 13/30
  MC runs done: 14/30
  MC runs done: 15/30
  MC runs done: 16/30
  MC runs done: 17/30
  MC runs done: 18/30
  MC runs done: 19/30
  MC runs done: 20/30
  MC runs done: 21/30
  MC runs done: 22/30
  MC runs done: 23/30
  MC runs done: 24/30
  MC runs done: 25/30
  MC runs done: 26/30
  MC runs done: 27/30
  MC runs done: 28/30
  MC runs done: 29/30
  MC runs done: 30/30
  leak rate 0.838981 +- 0.009005 | shots 30.0 | destroyed value 1313.4

=== dn_5x100_K10_s02.txt (m=5 n=100 K=10 mu=6 pool=30 total_value=7616) ===
  MC runs done: 1/30
  MC runs done: 2/30
  MC runs done: 3/30
  MC runs done: 4/30
  MC runs done: 5/30
  MC runs done: 6/30
  MC runs done: 7/30
  MC runs done: 8/30
  MC runs done: 9/30
  MC runs done: 10/30
  MC runs done: 11/30
  MC runs done: 12/30
  MC runs done: 13/30
  MC runs done: 14/30
  MC runs done: 15/30
  MC runs done: 16/30
  MC runs done: 17/30
  MC runs done: 18/30
  MC runs done: 19/30
  MC runs done: 20/30
  MC runs done: 21/30
  MC runs done: 22/30
  MC runs done: 23/30
  MC runs done: 24/30
  MC runs done: 25/30
  MC runs done: 26/30
  MC runs done: 27/30
  MC runs done: 28/30
  MC runs done: 29/30
  MC runs done: 30/30
  leak rate 0.833933 +- 0.011738 | shots 30.0 | destroyed value 1264.8
[cleanup] removed tmp dir output/e34_v4_maddpg_eval/tmp

reports written: output/e34_v4_maddpg_eval/family_report.json, output/e34_v4_maddpg_eval/family_report.md
family leak rate: 0.8365 +- 0.0025 [worst 0.8390]
DN-WTA v3 family evaluation
  split=test instances=dn_5x100_K10_s01.txt, dn_5x100_K10_s02.txt
  policy=qmix (with per-step CPLEX reference) seeds=30 (base 42) timelimit=30s

=== dn_5x100_K10_s01.txt (m=5 n=100 K=10 mu=6 pool=30 total_value=8157) ===
  MC runs done: 1/30
  MC runs done: 2/30
  MC runs done: 3/30
  MC runs done: 4/30
  MC runs done: 5/30
  MC runs done: 6/30
  MC runs done: 7/30
  MC runs done: 8/30
  MC runs done: 9/30
  MC runs done: 10/30
  MC runs done: 11/30
  MC runs done: 12/30
  MC runs done: 13/30
  MC runs done: 14/30
  MC runs done: 15/30
  MC runs done: 16/30
  MC runs done: 17/30
  MC runs done: 18/30
  MC runs done: 19/30
  MC runs done: 20/30
  MC runs done: 21/30
  MC runs done: 22/30
  MC runs done: 23/30
  MC runs done: 24/30
  MC runs done: 25/30
  MC runs done: 26/30
  MC runs done: 27/30
  MC runs done: 28/30
  MC runs done: 29/30
  MC runs done: 30/30
  leak rate 0.845421 +- 0.018040 | shots 30.0 | destroyed value 1260.9

=== dn_5x100_K10_s02.txt (m=5 n=100 K=10 mu=6 pool=30 total_value=7616) ===
  MC runs done: 1/30
  MC runs done: 2/30
  MC runs done: 3/30
  MC runs done: 4/30
  MC runs done: 5/30
  MC runs done: 6/30
  MC runs done: 7/30
  MC runs done: 8/30
  MC runs done: 9/30
  MC runs done: 10/30
  MC runs done: 11/30
  MC runs done: 12/30
  MC runs done: 13/30
  MC runs done: 14/30
  MC runs done: 15/30
  MC runs done: 16/30
  MC runs done: 17/30
  MC runs done: 18/30
  MC runs done: 19/30
  MC runs done: 20/30
  MC runs done: 21/30
  MC runs done: 22/30
  MC runs done: 23/30
  MC runs done: 24/30
  MC runs done: 25/30
  MC runs done: 26/30
  MC runs done: 27/30
  MC runs done: 28/30
  MC runs done: 29/30
  MC runs done: 30/30
  leak rate 0.874838 +- 0.010508 | shots 30.0 | destroyed value 953.2
[cleanup] removed tmp dir output/e34_v4_qmix_eval/tmp

reports written: output/e34_v4_qmix_eval/family_report.json, output/e34_v4_qmix_eval/family_report.md
family leak rate: 0.8601 +- 0.0147 [worst 0.8748]
DN-WTA v3 family evaluation
  split=test instances=dn_5x100_K10_s01.txt, dn_5x100_K10_s02.txt
  policy=mappo (with per-step CPLEX reference) seeds=30 (base 42) timelimit=30s

=== dn_5x100_K10_s01.txt (m=5 n=100 K=10 mu=6 pool=30 total_value=8157) ===
  MC runs done: 1/30
  MC runs done: 2/30
  MC runs done: 3/30
  MC runs done: 4/30
  MC runs done: 5/30
  MC runs done: 6/30
  MC runs done: 7/30
  MC runs done: 8/30
  MC runs done: 9/30
  MC runs done: 10/30
  MC runs done: 11/30
  MC runs done: 12/30
  MC runs done: 13/30
  MC runs done: 14/30
  MC runs done: 15/30
  MC runs done: 16/30
  MC runs done: 17/30
  MC runs done: 18/30
  MC runs done: 19/30
  MC runs done: 20/30
  MC runs done: 21/30
  MC runs done: 22/30
  MC runs done: 23/30
  MC runs done: 24/30
  MC runs done: 25/30
  MC runs done: 26/30
  MC runs done: 27/30
  MC runs done: 28/30
  MC runs done: 29/30
  MC runs done: 30/30
  leak rate 0.701324 +- 0.014378 | shots 30.0 | destroyed value 2436.3

=== dn_5x100_K10_s02.txt (m=5 n=100 K=10 mu=6 pool=30 total_value=7616) ===
  MC runs done: 1/30
  MC runs done: 2/30
  MC runs done: 3/30
  MC runs done: 4/30
  MC runs done: 5/30
  MC runs done: 6/30
  MC runs done: 7/30
  MC runs done: 8/30
  MC runs done: 9/30
  MC runs done: 10/30
  MC runs done: 11/30
  MC runs done: 12/30
  MC runs done: 13/30
  MC runs done: 14/30
  MC runs done: 15/30
  MC runs done: 16/30
  MC runs done: 17/30
  MC runs done: 18/30
  MC runs done: 19/30
  MC runs done: 20/30
  MC runs done: 21/30
  MC runs done: 22/30
  MC runs done: 23/30
  MC runs done: 24/30
  MC runs done: 25/30
  MC runs done: 26/30
  MC runs done: 27/30
  MC runs done: 28/30
  MC runs done: 29/30
  MC runs done: 30/30
  leak rate 0.692363 +- 0.013381 | shots 30.0 | destroyed value 2343.0
[cleanup] removed tmp dir output/e34_v4_mappo_eval/tmp

reports written: output/e34_v4_mappo_eval/family_report.json, output/e34_v4_mappo_eval/family_report.md
family leak rate: 0.6968 +- 0.0045 [worst 0.7013]
DN-WTA v3 family evaluation
  split=test instances=dn_5x100_K10_s01.txt, dn_5x100_K10_s02.txt
  policy=marl (with per-step CPLEX reference) seeds=30 (base 42) timelimit=30s

=== dn_5x100_K10_s01.txt (m=5 n=100 K=10 mu=6 pool=30 total_value=8157) ===
  MC runs done: 1/30
  MC runs done: 2/30
  MC runs done: 3/30
  MC runs done: 4/30
  MC runs done: 5/30
  MC runs done: 6/30
  MC runs done: 7/30
  MC runs done: 8/30
  MC runs done: 9/30
  MC runs done: 10/30
  MC runs done: 11/30
  MC runs done: 12/30
  MC runs done: 13/30
  MC runs done: 14/30
  MC runs done: 15/30
  MC runs done: 16/30
  MC runs done: 17/30
  MC runs done: 18/30
  MC runs done: 19/30
  MC runs done: 20/30
  MC runs done: 21/30
  MC runs done: 22/30
  MC runs done: 23/30
  MC runs done: 24/30
  MC runs done: 25/30
  MC runs done: 26/30
  MC runs done: 27/30
  MC runs done: 28/30
  MC runs done: 29/30
  MC runs done: 30/30
  leak rate 0.666581 +- 0.008516 | shots 29.1 | destroyed value 2719.7

=== dn_5x100_K10_s02.txt (m=5 n=100 K=10 mu=6 pool=30 total_value=7616) ===
  MC runs done: 1/30
  MC runs done: 2/30
  MC runs done: 3/30
  MC runs done: 4/30
  MC runs done: 5/30
  MC runs done: 6/30
  MC runs done: 7/30
  MC runs done: 8/30
  MC runs done: 9/30
  MC runs done: 10/30
  MC runs done: 11/30
  MC runs done: 12/30
  MC runs done: 13/30
  MC runs done: 14/30
  MC runs done: 15/30
  MC runs done: 16/30
  MC runs done: 17/30
  MC runs done: 18/30
  MC runs done: 19/30
  MC runs done: 20/30
  MC runs done: 21/30
  MC runs done: 22/30
  MC runs done: 23/30
  MC runs done: 24/30
  MC runs done: 25/30
  MC runs done: 26/30
  MC runs done: 27/30
  MC runs done: 28/30
  MC runs done: 29/30
  MC runs done: 30/30
  leak rate 0.618978 +- 0.022081 | shots 30.0 | destroyed value 2901.9
[cleanup] removed tmp dir output/e34_v4_ecmappo_eval/tmp

reports written: output/e34_v4_ecmappo_eval/family_report.json, output/e34_v4_ecmappo_eval/family_report.md
family leak rate: 0.6428 +- 0.0238 [worst 0.6666]
[S4] generalisation sweeps (train/val/test, --no-ref)
DN-WTA v3 family evaluation
  split=train instances=dn_5x100_K10_s03.txt, dn_5x100_K10_s04.txt, dn_5x100_K10_s05.txt, dn_5x100_K10_s06.txt, dn_5x100_K10_s07.txt, dn_5x100_K10_s08.txt, dn_5x100_K10_s09.txt, dn_5x100_K10_s10.txt, dn_5x100_K10_s11.txt, dn_5x100_K10_s12.txt, dn_5x100_K10_s13.txt, dn_5x100_K10_s14.txt, dn_5x100_K10_s15.txt, dn_5x100_K10_s16.txt, dn_5x100_K10_s17.txt, dn_5x100_K10_s18.txt, dn_5x100_K10_s19.txt, dn_5x100_K10_s20.txt, dn_5x100_K10_s21.txt, dn_5x100_K10_s22.txt, dn_5x100_K10_s23.txt, dn_5x100_K10_s24.txt, dn_5x100_K10_s25.txt, dn_5x100_K10_s26.txt
  policy=maddpg seeds=30 (base 42) timelimit=30s

=== dn_5x100_K10_s03.txt (m=5 n=100 K=10 mu=6 pool=30 total_value=8419) ===
  MC runs done: 1/30
  MC runs done: 2/30
  MC runs done: 3/30
  MC runs done: 4/30
  MC runs done: 5/30
  MC runs done: 6/30
  MC runs done: 7/30
  MC runs done: 8/30
  MC runs done: 9/30
  MC runs done: 10/30
  MC runs done: 11/30
  MC runs done: 12/30
  MC runs done: 13/30
  MC runs done: 14/30
  MC runs done: 15/30
  MC runs done: 16/30
  MC runs done: 17/30
  MC runs done: 18/30
  MC runs done: 19/30
  MC runs done: 20/30
  MC runs done: 21/30
  MC runs done: 22/30
  MC runs done: 23/30
  MC runs done: 24/30
  MC runs done: 25/30
  MC runs done: 26/30
  MC runs done: 27/30
  MC runs done: 28/30
  MC runs done: 29/30
  MC runs done: 30/30
  leak rate 0.810152 +- 0.008310 | shots 30.0 | destroyed value 1598.3

=== dn_5x100_K10_s04.txt (m=5 n=100 K=10 mu=6 pool=30 total_value=8817) ===
  MC runs done: 1/30
  MC runs done: 2/30
  MC runs done: 3/30
  MC runs done: 4/30
  MC runs done: 5/30
  MC runs done: 6/30
  MC runs done: 7/30
  MC runs done: 8/30
  MC runs done: 9/30
  MC runs done: 10/30
  MC runs done: 11/30
  MC runs done: 12/30
  MC runs done: 13/30
  MC runs done: 14/30
  MC runs done: 15/30
  MC runs done: 16/30
  MC runs done: 17/30
  MC runs done: 18/30
  MC runs done: 19/30
  MC runs done: 20/30
  MC runs done: 21/30
  MC runs done: 22/30
  MC runs done: 23/30
  MC runs done: 24/30
  MC runs done: 25/30
  MC runs done: 26/30
  MC runs done: 27/30
  MC runs done: 28/30
  MC runs done: 29/30
  MC runs done: 30/30
  leak rate 0.823341 +- 0.014736 | shots 30.0 | destroyed value 1557.6

=== dn_5x100_K10_s05.txt (m=5 n=100 K=10 mu=6 pool=30 total_value=10196) ===
  MC runs done: 1/30
  MC runs done: 2/30
  MC runs done: 3/30
  MC runs done: 4/30
  MC runs done: 5/30
  MC runs done: 6/30
  MC runs done: 7/30
  MC runs done: 8/30
  MC runs done: 9/30
  MC runs done: 10/30
  MC runs done: 11/30
  MC runs done: 12/30
  MC runs done: 13/30
  MC runs done: 14/30
  MC runs done: 15/30
  MC runs done: 16/30
  MC runs done: 17/30
  MC runs done: 18/30
  MC runs done: 19/30
  MC runs done: 20/30
  MC runs done: 21/30
  MC runs done: 22/30
  MC runs done: 23/30
  MC runs done: 24/30
  MC runs done: 25/30
  MC runs done: 26/30
  MC runs done: 27/30
  MC runs done: 28/30
  MC runs done: 29/30
  MC runs done: 30/30
  leak rate 0.801442 +- 0.011032 | shots 30.0 | destroyed value 2024.5

=== dn_5x100_K10_s06.txt (m=5 n=100 K=10 mu=6 pool=30 total_value=8176) ===
  MC runs done: 1/30
  MC runs done: 2/30
  MC runs done: 3/30
  MC runs done: 4/30
  MC runs done: 5/30
  MC runs done: 6/30
  MC runs done: 7/30
  MC runs done: 8/30
  MC runs done: 9/30
  MC runs done: 10/30
  MC runs done: 11/30
  MC runs done: 12/30
  MC runs done: 13/30
  MC runs done: 14/30
  MC runs done: 15/30
  MC runs done: 16/30
  MC runs done: 17/30
  MC runs done: 18/30
  MC runs done: 19/30
  MC runs done: 20/30
  MC runs done: 21/30
  MC runs done: 22/30
  MC runs done: 23/30
  MC runs done: 24/30
  MC runs done: 25/30
  MC runs done: 26/30
  MC runs done: 27/30
  MC runs done: 28/30
  MC runs done: 29/30
  MC runs done: 30/30
  leak rate 0.834357 +- 0.009637 | shots 30.0 | destroyed value 1354.3

=== dn_5x100_K10_s07.txt (m=5 n=100 K=10 mu=6 pool=30 total_value=8985) ===
  MC runs done: 1/30
  MC runs done: 2/30
  MC runs done: 3/30
  MC runs done: 4/30
  MC runs done: 5/30
  MC runs done: 6/30
  MC runs done: 7/30
  MC runs done: 8/30
  MC runs done: 9/30
  MC runs done: 10/30
  MC runs done: 11/30
  MC runs done: 12/30
  MC runs done: 13/30
  MC runs done: 14/30
  MC runs done: 15/30
  MC runs done: 16/30
  MC runs done: 17/30
  MC runs done: 18/30
  MC runs done: 19/30
  MC runs done: 20/30
  MC runs done: 21/30
  MC runs done: 22/30
  MC runs done: 23/30
  MC runs done: 24/30
  MC runs done: 25/30
  MC runs done: 26/30
  MC runs done: 27/30
  MC runs done: 28/30
  MC runs done: 29/30
  MC runs done: 30/30
  leak rate 0.832840 +- 0.013951 | shots 30.0 | destroyed value 1501.9

=== dn_5x100_K10_s08.txt (m=5 n=100 K=10 mu=6 pool=30 total_value=9141) ===
  MC runs done: 1/30
  MC runs done: 2/30
  MC runs done: 3/30
  MC runs done: 4/30
  MC runs done: 5/30
  MC runs done: 6/30
  MC runs done: 7/30
  MC runs done: 8/30
  MC runs done: 9/30
  MC runs done: 10/30
  MC runs done: 11/30
  MC runs done: 12/30
  MC runs done: 13/30
  MC runs done: 14/30
  MC runs done: 15/30
  MC runs done: 16/30
  MC runs done: 17/30
  MC runs done: 18/30
  MC runs done: 19/30
  MC runs done: 20/30
  MC runs done: 21/30
  MC runs done: 22/30
  MC runs done: 23/30
  MC runs done: 24/30
  MC runs done: 25/30
  MC runs done: 26/30
  MC runs done: 27/30
  MC runs done: 28/30
  MC runs done: 29/30
  MC runs done: 30/30
  leak rate 0.810816 +- 0.015297 | shots 30.0 | destroyed value 1729.3

=== dn_5x100_K10_s09.txt (m=5 n=100 K=10 mu=6 pool=30 total_value=8511) ===
  MC runs done: 1/30
  MC runs done: 2/30
  MC runs done: 3/30
  MC runs done: 4/30
  MC runs done: 5/30
  MC runs done: 6/30
  MC runs done: 7/30
  MC runs done: 8/30
  MC runs done: 9/30
  MC runs done: 10/30
  MC runs done: 11/30
  MC runs done: 12/30
  MC runs done: 13/30
  MC runs done: 14/30
  MC runs done: 15/30
  MC runs done: 16/30
  MC runs done: 17/30
  MC runs done: 18/30
  MC runs done: 19/30
  MC runs done: 20/30
  MC runs done: 21/30
  MC runs done: 22/30
  MC runs done: 23/30
  MC runs done: 24/30
  MC runs done: 25/30
  MC runs done: 26/30
  MC runs done: 27/30
  MC runs done: 28/30
  MC runs done: 29/30
  MC runs done: 30/30
  leak rate 0.822038 +- 0.011666 | shots 30.0 | destroyed value 1514.6

=== dn_5x100_K10_s10.txt (m=5 n=100 K=10 mu=6 pool=30 total_value=9155) ===
  MC runs done: 1/30
  MC runs done: 2/30
  MC runs done: 3/30
  MC runs done: 4/30
  MC runs done: 5/30
  MC runs done: 6/30
  MC runs done: 7/30
  MC runs done: 8/30
  MC runs done: 9/30
  MC runs done: 10/30
  MC runs done: 11/30
  MC runs done: 12/30
  MC runs done: 13/30
  MC runs done: 14/30
  MC runs done: 15/30
  MC runs done: 16/30
  MC runs done: 17/30
  MC runs done: 18/30
  MC runs done: 19/30
  MC runs done: 20/30
  MC runs done: 21/30
  MC runs done: 22/30
  MC runs done: 23/30
  MC runs done: 24/30
  MC runs done: 25/30
  MC runs done: 26/30
  MC runs done: 27/30
  MC runs done: 28/30
  MC runs done: 29/30
  MC runs done: 30/30
  leak rate 0.782927 +- 0.012527 | shots 30.0 | destroyed value 1987.3

=== dn_5x100_K10_s11.txt (m=5 n=100 K=10 mu=6 pool=30 total_value=8850) ===
  MC runs done: 1/30
  MC runs done: 2/30
  MC runs done: 3/30
  MC runs done: 4/30
  MC runs done: 5/30
  MC runs done: 6/30
  MC runs done: 7/30
  MC runs done: 8/30
  MC runs done: 9/30
  MC runs done: 10/30
  MC runs done: 11/30
  MC runs done: 12/30
  MC runs done: 13/30
  MC runs done: 14/30
  MC runs done: 15/30
  MC runs done: 16/30
  MC runs done: 17/30
  MC runs done: 18/30
  MC runs done: 19/30
  MC runs done: 20/30
  MC runs done: 21/30
  MC runs done: 22/30
  MC runs done: 23/30
  MC runs done: 24/30
  MC runs done: 25/30
  MC runs done: 26/30
  MC runs done: 27/30
  MC runs done: 28/30
  MC runs done: 29/30
  MC runs done: 30/30
  leak rate 0.830610 +- 0.010399 | shots 30.0 | destroyed value 1499.1

=== dn_5x100_K10_s12.txt (m=5 n=100 K=10 mu=6 pool=30 total_value=8909) ===
  MC runs done: 1/30
  MC runs done: 2/30
  MC runs done: 3/30
  MC runs done: 4/30
  MC runs done: 5/30
  MC runs done: 6/30
  MC runs done: 7/30
  MC runs done: 8/30
  MC runs done: 9/30
  MC runs done: 10/30
  MC runs done: 11/30
  MC runs done: 12/30
  MC runs done: 13/30
  MC runs done: 14/30
  MC runs done: 15/30
  MC runs done: 16/30
  MC runs done: 17/30
  MC runs done: 18/30
  MC runs done: 19/30
  MC runs done: 20/30
  MC runs done: 21/30
  MC runs done: 22/30
  MC runs done: 23/30
  MC runs done: 24/30
  MC runs done: 25/30
  MC runs done: 26/30
  MC runs done: 27/30
  MC runs done: 28/30
  MC runs done: 29/30
  MC runs done: 30/30
  leak rate 0.792899 +- 0.016270 | shots 30.0 | destroyed value 1845.1

=== dn_5x100_K10_s13.txt (m=5 n=100 K=10 mu=6 pool=30 total_value=9905) ===
  MC runs done: 1/30
  MC runs done: 2/30
  MC runs done: 3/30
  MC runs done: 4/30
  MC runs done: 5/30
  MC runs done: 6/30
  MC runs done: 7/30
  MC runs done: 8/30
  MC runs done: 9/30
  MC runs done: 10/30
  MC runs done: 11/30
  MC runs done: 12/30
  MC runs done: 13/30
  MC runs done: 14/30
  MC runs done: 15/30
  MC runs done: 16/30
  MC runs done: 17/30
  MC runs done: 18/30
  MC runs done: 19/30
  MC runs done: 20/30
  MC runs done: 21/30
  MC runs done: 22/30
  MC runs done: 23/30
  MC runs done: 24/30
  MC runs done: 25/30
  MC runs done: 26/30
  MC runs done: 27/30
  MC runs done: 28/30
  MC runs done: 29/30
  MC runs done: 30/30
  leak rate 0.835501 +- 0.008923 | shots 30.0 | destroyed value 1629.4

=== dn_5x100_K10_s14.txt (m=5 n=100 K=10 mu=6 pool=30 total_value=9190) ===
  MC runs done: 1/30
  MC runs done: 2/30
  MC runs done: 3/30
  MC runs done: 4/30
  MC runs done: 5/30
  MC runs done: 6/30
  MC runs done: 7/30
  MC runs done: 8/30
  MC runs done: 9/30
  MC runs done: 10/30
  MC runs done: 11/30
  MC runs done: 12/30
  MC runs done: 13/30
  MC runs done: 14/30
  MC runs done: 15/30
  MC runs done: 16/30
  MC runs done: 17/30
  MC runs done: 18/30
  MC runs done: 19/30
  MC runs done: 20/30
  MC runs done: 21/30
  MC runs done: 22/30
  MC runs done: 23/30
  MC runs done: 24/30
  MC runs done: 25/30
  MC runs done: 26/30
  MC runs done: 27/30
  MC runs done: 28/30
  MC runs done: 29/30
  MC runs done: 30/30
  leak rate 0.815618 +- 0.009749 | shots 30.0 | destroyed value 1694.5

=== dn_5x100_K10_s15.txt (m=5 n=100 K=10 mu=6 pool=30 total_value=7913) ===
  MC runs done: 1/30
  MC runs done: 2/30
  MC runs done: 3/30
  MC runs done: 4/30
  MC runs done: 5/30
  MC runs done: 6/30
  MC runs done: 7/30
  MC runs done: 8/30
  MC runs done: 9/30
  MC runs done: 10/30
  MC runs done: 11/30
  MC runs done: 12/30
  MC runs done: 13/30
  MC runs done: 14/30
  MC runs done: 15/30
  MC runs done: 16/30
  MC runs done: 17/30
  MC runs done: 18/30
  MC runs done: 19/30
  MC runs done: 20/30
  MC runs done: 21/30
  MC runs done: 22/30
  MC runs done: 23/30
  MC runs done: 24/30
  MC runs done: 25/30
  MC runs done: 26/30
  MC runs done: 27/30
  MC runs done: 28/30
  MC runs done: 29/30
  MC runs done: 30/30
  leak rate 0.825300 +- 0.015237 | shots 30.0 | destroyed value 1382.4

=== dn_5x100_K10_s16.txt (m=5 n=100 K=10 mu=6 pool=30 total_value=8526) ===
  MC runs done: 1/30
  MC runs done: 2/30
  MC runs done: 3/30
  MC runs done: 4/30
  MC runs done: 5/30
  MC runs done: 6/30
  MC runs done: 7/30
  MC runs done: 8/30
  MC runs done: 9/30
  MC runs done: 10/30
  MC runs done: 11/30
  MC runs done: 12/30
  MC runs done: 13/30
  MC runs done: 14/30
  MC runs done: 15/30
  MC runs done: 16/30
  MC runs done: 17/30
  MC runs done: 18/30
  MC runs done: 19/30
  MC runs done: 20/30
  MC runs done: 21/30
  MC runs done: 22/30
  MC runs done: 23/30
  MC runs done: 24/30
  MC runs done: 25/30
  MC runs done: 26/30
  MC runs done: 27/30
  MC runs done: 28/30
  MC runs done: 29/30
  MC runs done: 30/30
  leak rate 0.833341 +- 0.012075 | shots 30.0 | destroyed value 1420.9

=== dn_5x100_K10_s17.txt (m=5 n=100 K=10 mu=6 pool=30 total_value=9044) ===
  MC runs done: 1/30
  MC runs done: 2/30
  MC runs done: 3/30
  MC runs done: 4/30
  MC runs done: 5/30
  MC runs done: 6/30
  MC runs done: 7/30
  MC runs done: 8/30
  MC runs done: 9/30
  MC runs done: 10/30
  MC runs done: 11/30
  MC runs done: 12/30
  MC runs done: 13/30
  MC runs done: 14/30
  MC runs done: 15/30
  MC runs done: 16/30
  MC runs done: 17/30
  MC runs done: 18/30
  MC runs done: 19/30
  MC runs done: 20/30
  MC runs done: 21/30
  MC runs done: 22/30
  MC runs done: 23/30
  MC runs done: 24/30
  MC runs done: 25/30
  MC runs done: 26/30
  MC runs done: 27/30
  MC runs done: 28/30
  MC runs done: 29/30
  MC runs done: 30/30
  leak rate 0.857954 +- 0.009237 | shots 30.0 | destroyed value 1284.7

=== dn_5x100_K10_s18.txt (m=5 n=100 K=10 mu=6 pool=30 total_value=9002) ===
  MC runs done: 1/30
  MC runs done: 2/30
  MC runs done: 3/30
  MC runs done: 4/30
  MC runs done: 5/30
  MC runs done: 6/30
  MC runs done: 7/30
  MC runs done: 8/30
  MC runs done: 9/30
  MC runs done: 10/30
  MC runs done: 11/30
  MC runs done: 12/30
  MC runs done: 13/30
  MC runs done: 14/30
  MC runs done: 15/30
  MC runs done: 16/30
  MC runs done: 17/30
  MC runs done: 18/30
  MC runs done: 19/30
  MC runs done: 20/30
  MC runs done: 21/30
  MC runs done: 22/30
  MC runs done: 23/30
  MC runs done: 24/30
  MC runs done: 25/30
  MC runs done: 26/30
  MC runs done: 27/30
  MC runs done: 28/30
  MC runs done: 29/30
  MC runs done: 30/30
  leak rate 0.842002 +- 0.006302 | shots 30.0 | destroyed value 1422.3

=== dn_5x100_K10_s19.txt (m=5 n=100 K=10 mu=6 pool=30 total_value=8810) ===
  MC runs done: 1/30
  MC runs done: 2/30
  MC runs done: 3/30
  MC runs done: 4/30
  MC runs done: 5/30
  MC runs done: 6/30
  MC runs done: 7/30
  MC runs done: 8/30
  MC runs done: 9/30
  MC runs done: 10/30
  MC runs done: 11/30
  MC runs done: 12/30
  MC runs done: 13/30
  MC runs done: 14/30
  MC runs done: 15/30
  MC runs done: 16/30
  MC runs done: 17/30
  MC runs done: 18/30
  MC runs done: 19/30
  MC runs done: 20/30
  MC runs done: 21/30
  MC runs done: 22/30
  MC runs done: 23/30
  MC runs done: 24/30
  MC runs done: 25/30
  MC runs done: 26/30
  MC runs done: 27/30
  MC runs done: 28/30
  MC runs done: 29/30
  MC runs done: 30/30
  leak rate 0.815414 +- 0.013755 | shots 30.0 | destroyed value 1626.2

=== dn_5x100_K10_s20.txt (m=5 n=100 K=10 mu=6 pool=30 total_value=7875) ===
  MC runs done: 1/30
  MC runs done: 2/30
  MC runs done: 3/30
  MC runs done: 4/30
  MC runs done: 5/30
  MC runs done: 6/30
  MC runs done: 7/30
  MC runs done: 8/30
  MC runs done: 9/30
  MC runs done: 10/30
  MC runs done: 11/30
  MC runs done: 12/30
  MC runs done: 13/30
  MC runs done: 14/30
  MC runs done: 15/30
  MC runs done: 16/30
  MC runs done: 17/30
  MC runs done: 18/30
  MC runs done: 19/30
  MC runs done: 20/30
  MC runs done: 21/30
  MC runs done: 22/30
  MC runs done: 23/30
  MC runs done: 24/30
  MC runs done: 25/30
  MC runs done: 26/30
  MC runs done: 27/30
  MC runs done: 28/30
  MC runs done: 29/30
  MC runs done: 30/30
  leak rate 0.860423 +- 0.005630 | shots 30.0 | destroyed value 1099.2

=== dn_5x100_K10_s21.txt (m=5 n=100 K=10 mu=6 pool=30 total_value=8376) ===
  MC runs done: 1/30
  MC runs done: 2/30
  MC runs done: 3/30
  MC runs done: 4/30
  MC runs done: 5/30
  MC runs done: 6/30
  MC runs done: 7/30
  MC runs done: 8/30
  MC runs done: 9/30
  MC runs done: 10/30
  MC runs done: 11/30
  MC runs done: 12/30
  MC runs done: 13/30
  MC runs done: 14/30
  MC runs done: 15/30
  MC runs done: 16/30
  MC runs done: 17/30
  MC runs done: 18/30
  MC runs done: 19/30
  MC runs done: 20/30
  MC runs done: 21/30
  MC runs done: 22/30
  MC runs done: 23/30
  MC runs done: 24/30
  MC runs done: 25/30
  MC runs done: 26/30
  MC runs done: 27/30
  MC runs done: 28/30
  MC runs done: 29/30
  MC runs done: 30/30
  leak rate 0.862882 +- 0.007380 | shots 30.0 | destroyed value 1148.5

=== dn_5x100_K10_s22.txt (m=5 n=100 K=10 mu=6 pool=30 total_value=9389) ===
  MC runs done: 1/30
  MC runs done: 2/30
  MC runs done: 3/30
  MC runs done: 4/30
  MC runs done: 5/30
  MC runs done: 6/30
  MC runs done: 7/30
  MC runs done: 8/30
  MC runs done: 9/30
  MC runs done: 10/30
  MC runs done: 11/30
  MC runs done: 12/30
  MC runs done: 13/30
  MC runs done: 14/30
  MC runs done: 15/30
  MC runs done: 16/30
  MC runs done: 17/30
  MC runs done: 18/30
  MC runs done: 19/30
  MC runs done: 20/30
  MC runs done: 21/30
  MC runs done: 22/30
  MC runs done: 23/30
  MC runs done: 24/30
  MC runs done: 25/30
  MC runs done: 26/30
  MC runs done: 27/30
  MC runs done: 28/30
  MC runs done: 29/30
  MC runs done: 30/30
  leak rate 0.819178 +- 0.008104 | shots 30.0 | destroyed value 1697.7

=== dn_5x100_K10_s23.txt (m=5 n=100 K=10 mu=6 pool=30 total_value=9402) ===
  MC runs done: 1/30
  MC runs done: 2/30
  MC runs done: 3/30
  MC runs done: 4/30
  MC runs done: 5/30
  MC runs done: 6/30
  MC runs done: 7/30
  MC runs done: 8/30
  MC runs done: 9/30
  MC runs done: 10/30
  MC runs done: 11/30
  MC runs done: 12/30
  MC runs done: 13/30
  MC runs done: 14/30
  MC runs done: 15/30
  MC runs done: 16/30
  MC runs done: 17/30
  MC runs done: 18/30
  MC runs done: 19/30
  MC runs done: 20/30
  MC runs done: 21/30
  MC runs done: 22/30
  MC runs done: 23/30
  MC runs done: 24/30
  MC runs done: 25/30
  MC runs done: 26/30
  MC runs done: 27/30
  MC runs done: 28/30
  MC runs done: 29/30
  MC runs done: 30/30
  leak rate 0.854701 +- 0.009158 | shots 30.0 | destroyed value 1366.1

=== dn_5x100_K10_s24.txt (m=5 n=100 K=10 mu=6 pool=30 total_value=8684) ===
  MC runs done: 1/30
  MC runs done: 2/30
  MC runs done: 3/30
  MC runs done: 4/30
  MC runs done: 5/30
  MC runs done: 6/30
  MC runs done: 7/30
  MC runs done: 8/30
  MC runs done: 9/30
  MC runs done: 10/30
  MC runs done: 11/30
  MC runs done: 12/30
  MC runs done: 13/30
  MC runs done: 14/30
  MC runs done: 15/30
  MC runs done: 16/30
  MC runs done: 17/30
  MC runs done: 18/30
  MC runs done: 19/30
  MC runs done: 20/30
  MC runs done: 21/30
  MC runs done: 22/30
  MC runs done: 23/30
  MC runs done: 24/30
  MC runs done: 25/30
  MC runs done: 26/30
  MC runs done: 27/30
  MC runs done: 28/30
  MC runs done: 29/30
  MC runs done: 30/30
  leak rate 0.810867 +- 0.012928 | shots 30.0 | destroyed value 1642.4

=== dn_5x100_K10_s25.txt (m=5 n=100 K=10 mu=6 pool=30 total_value=8264) ===
  MC runs done: 1/30
  MC runs done: 2/30
  MC runs done: 3/30
  MC runs done: 4/30
  MC runs done: 5/30
  MC runs done: 6/30
  MC runs done: 7/30
  MC runs done: 8/30
  MC runs done: 9/30
  MC runs done: 10/30
  MC runs done: 11/30
  MC runs done: 12/30
  MC runs done: 13/30
  MC runs done: 14/30
  MC runs done: 15/30
  MC runs done: 16/30
  MC runs done: 17/30
  MC runs done: 18/30
  MC runs done: 19/30
  MC runs done: 20/30
  MC runs done: 21/30
  MC runs done: 22/30
  MC runs done: 23/30
  MC runs done: 24/30
  MC runs done: 25/30
  MC runs done: 26/30
  MC runs done: 27/30
  MC runs done: 28/30
  MC runs done: 29/30
  MC runs done: 30/30
  leak rate 0.832357 +- 0.007486 | shots 30.0 | destroyed value 1385.4

=== dn_5x100_K10_s26.txt (m=5 n=100 K=10 mu=6 pool=30 total_value=8976) ===
  MC runs done: 1/30
  MC runs done: 2/30
  MC runs done: 3/30
  MC runs done: 4/30
  MC runs done: 5/30
  MC runs done: 6/30
  MC runs done: 7/30
  MC runs done: 8/30
  MC runs done: 9/30
  MC runs done: 10/30
  MC runs done: 11/30
  MC runs done: 12/30
  MC runs done: 13/30
  MC runs done: 14/30
  MC runs done: 15/30
  MC runs done: 16/30
  MC runs done: 17/30
  MC runs done: 18/30
  MC runs done: 19/30
  MC runs done: 20/30
  MC runs done: 21/30
  MC runs done: 22/30
  MC runs done: 23/30
  MC runs done: 24/30
  MC runs done: 25/30
  MC runs done: 26/30
  MC runs done: 27/30
  MC runs done: 28/30
  MC runs done: 29/30
  MC runs done: 30/30
  leak rate 0.846413 +- 0.010075 | shots 30.0 | destroyed value 1378.6
[cleanup] removed tmp dir output/e35_v4_maddpg_gen/train/tmp

reports written: output/e35_v4_maddpg_gen/train/family_report.json, output/e35_v4_maddpg_gen/train/family_report.md
family leak rate: 0.8272 +- 0.0203 [worst 0.8629]
DN-WTA v3 family evaluation
  split=val instances=dn_5x100_K10_s27.txt, dn_5x100_K10_s28.txt, dn_5x100_K10_s29.txt, dn_5x100_K10_s30.txt
  policy=maddpg seeds=30 (base 42) timelimit=30s

=== dn_5x100_K10_s27.txt (m=5 n=100 K=10 mu=6 pool=30 total_value=8180) ===
  MC runs done: 1/30
  MC runs done: 2/30
  MC runs done: 3/30
  MC runs done: 4/30
  MC runs done: 5/30
  MC runs done: 6/30
  MC runs done: 7/30
  MC runs done: 8/30
  MC runs done: 9/30
  MC runs done: 10/30
  MC runs done: 11/30
  MC runs done: 12/30
  MC runs done: 13/30
  MC runs done: 14/30
  MC runs done: 15/30
  MC runs done: 16/30
  MC runs done: 17/30
  MC runs done: 18/30
  MC runs done: 19/30
  MC runs done: 20/30
  MC runs done: 21/30
  MC runs done: 22/30
  MC runs done: 23/30
  MC runs done: 24/30
  MC runs done: 25/30
  MC runs done: 26/30
  MC runs done: 27/30
  MC runs done: 28/30
  MC runs done: 29/30
  MC runs done: 30/30
  leak rate 0.809503 +- 0.008572 | shots 30.0 | destroyed value 1558.3

=== dn_5x100_K10_s28.txt (m=5 n=100 K=10 mu=6 pool=30 total_value=8560) ===
  MC runs done: 1/30
  MC runs done: 2/30
  MC runs done: 3/30
  MC runs done: 4/30
  MC runs done: 5/30
  MC runs done: 6/30
  MC runs done: 7/30
  MC runs done: 8/30
  MC runs done: 9/30
  MC runs done: 10/30
  MC runs done: 11/30
  MC runs done: 12/30
  MC runs done: 13/30
  MC runs done: 14/30
  MC runs done: 15/30
  MC runs done: 16/30
  MC runs done: 17/30
  MC runs done: 18/30
  MC runs done: 19/30
  MC runs done: 20/30
  MC runs done: 21/30
  MC runs done: 22/30
  MC runs done: 23/30
  MC runs done: 24/30
  MC runs done: 25/30
  MC runs done: 26/30
  MC runs done: 27/30
  MC runs done: 28/30
  MC runs done: 29/30
  MC runs done: 30/30
  leak rate 0.784984 +- 0.012339 | shots 30.0 | destroyed value 1840.5

=== dn_5x100_K10_s29.txt (m=5 n=100 K=10 mu=6 pool=30 total_value=8553) ===
  MC runs done: 1/30
  MC runs done: 2/30
  MC runs done: 3/30
  MC runs done: 4/30
  MC runs done: 5/30
  MC runs done: 6/30
  MC runs done: 7/30
  MC runs done: 8/30
  MC runs done: 9/30
  MC runs done: 10/30
  MC runs done: 11/30
  MC runs done: 12/30
  MC runs done: 13/30
  MC runs done: 14/30
  MC runs done: 15/30
  MC runs done: 16/30
  MC runs done: 17/30
  MC runs done: 18/30
  MC runs done: 19/30
  MC runs done: 20/30
  MC runs done: 21/30
  MC runs done: 22/30
  MC runs done: 23/30
  MC runs done: 24/30
  MC runs done: 25/30
  MC runs done: 26/30
  MC runs done: 27/30
  MC runs done: 28/30
  MC runs done: 29/30
  MC runs done: 30/30
  leak rate 0.813929 +- 0.012687 | shots 30.0 | destroyed value 1591.5

=== dn_5x100_K10_s30.txt (m=5 n=100 K=10 mu=6 pool=30 total_value=8397) ===
  MC runs done: 1/30
  MC runs done: 2/30
  MC runs done: 3/30
  MC runs done: 4/30
  MC runs done: 5/30
  MC runs done: 6/30
  MC runs done: 7/30
  MC runs done: 8/30
  MC runs done: 9/30
  MC runs done: 10/30
  MC runs done: 11/30
  MC runs done: 12/30
  MC runs done: 13/30
  MC runs done: 14/30
  MC runs done: 15/30
  MC runs done: 16/30
  MC runs done: 17/30
  MC runs done: 18/30
  MC runs done: 19/30
  MC runs done: 20/30
  MC runs done: 21/30
  MC runs done: 22/30
  MC runs done: 23/30
  MC runs done: 24/30
  MC runs done: 25/30
  MC runs done: 26/30
  MC runs done: 27/30
  MC runs done: 28/30
  MC runs done: 29/30
  MC runs done: 30/30
  leak rate 0.780060 +- 0.009060 | shots 30.0 | destroyed value 1846.8
[cleanup] removed tmp dir output/e35_v4_maddpg_gen/val/tmp

reports written: output/e35_v4_maddpg_gen/val/family_report.json, output/e35_v4_maddpg_gen/val/family_report.md
family leak rate: 0.7971 +- 0.0148 [worst 0.8139]
DN-WTA v3 family evaluation
  split=test instances=dn_5x100_K10_s01.txt, dn_5x100_K10_s02.txt
  policy=maddpg seeds=30 (base 42) timelimit=30s

=== dn_5x100_K10_s01.txt (m=5 n=100 K=10 mu=6 pool=30 total_value=8157) ===
  MC runs done: 1/30
  MC runs done: 2/30
  MC runs done: 3/30
  MC runs done: 4/30
  MC runs done: 5/30
  MC runs done: 6/30
  MC runs done: 7/30
  MC runs done: 8/30
  MC runs done: 9/30
  MC runs done: 10/30
  MC runs done: 11/30
  MC runs done: 12/30
  MC runs done: 13/30
  MC runs done: 14/30
  MC runs done: 15/30
  MC runs done: 16/30
  MC runs done: 17/30
  MC runs done: 18/30
  MC runs done: 19/30
  MC runs done: 20/30
  MC runs done: 21/30
  MC runs done: 22/30
  MC runs done: 23/30
  MC runs done: 24/30
  MC runs done: 25/30
  MC runs done: 26/30
  MC runs done: 27/30
  MC runs done: 28/30
  MC runs done: 29/30
  MC runs done: 30/30
  leak rate 0.838981 +- 0.009005 | shots 30.0 | destroyed value 1313.4

=== dn_5x100_K10_s02.txt (m=5 n=100 K=10 mu=6 pool=30 total_value=7616) ===
  MC runs done: 1/30
  MC runs done: 2/30
  MC runs done: 3/30
  MC runs done: 4/30
  MC runs done: 5/30
  MC runs done: 6/30
  MC runs done: 7/30
  MC runs done: 8/30
  MC runs done: 9/30
  MC runs done: 10/30
  MC runs done: 11/30
  MC runs done: 12/30
  MC runs done: 13/30
  MC runs done: 14/30
  MC runs done: 15/30
  MC runs done: 16/30
  MC runs done: 17/30
  MC runs done: 18/30
  MC runs done: 19/30
  MC runs done: 20/30
  MC runs done: 21/30
  MC runs done: 22/30
  MC runs done: 23/30
  MC runs done: 24/30
  MC runs done: 25/30
  MC runs done: 26/30
  MC runs done: 27/30
  MC runs done: 28/30
  MC runs done: 29/30
  MC runs done: 30/30
  leak rate 0.833933 +- 0.011738 | shots 30.0 | destroyed value 1264.8
[cleanup] removed tmp dir output/e35_v4_maddpg_gen/test/tmp

reports written: output/e35_v4_maddpg_gen/test/family_report.json, output/e35_v4_maddpg_gen/test/family_report.md
family leak rate: 0.8365 +- 0.0025 [worst 0.8390]
DN-WTA v3 family evaluation
  split=train instances=dn_5x100_K10_s03.txt, dn_5x100_K10_s04.txt, dn_5x100_K10_s05.txt, dn_5x100_K10_s06.txt, dn_5x100_K10_s07.txt, dn_5x100_K10_s08.txt, dn_5x100_K10_s09.txt, dn_5x100_K10_s10.txt, dn_5x100_K10_s11.txt, dn_5x100_K10_s12.txt, dn_5x100_K10_s13.txt, dn_5x100_K10_s14.txt, dn_5x100_K10_s15.txt, dn_5x100_K10_s16.txt, dn_5x100_K10_s17.txt, dn_5x100_K10_s18.txt, dn_5x100_K10_s19.txt, dn_5x100_K10_s20.txt, dn_5x100_K10_s21.txt, dn_5x100_K10_s22.txt, dn_5x100_K10_s23.txt, dn_5x100_K10_s24.txt, dn_5x100_K10_s25.txt, dn_5x100_K10_s26.txt
  policy=qmix seeds=30 (base 42) timelimit=30s

=== dn_5x100_K10_s03.txt (m=5 n=100 K=10 mu=6 pool=30 total_value=8419) ===
  MC runs done: 1/30
  MC runs done: 2/30
  MC runs done: 3/30
  MC runs done: 4/30
  MC runs done: 5/30
  MC runs done: 6/30
  MC runs done: 7/30
  MC runs done: 8/30
  MC runs done: 9/30
  MC runs done: 10/30
  MC runs done: 11/30
  MC runs done: 12/30
  MC runs done: 13/30
  MC runs done: 14/30
  MC runs done: 15/30
  MC runs done: 16/30
  MC runs done: 17/30
  MC runs done: 18/30
  MC runs done: 19/30
  MC runs done: 20/30
  MC runs done: 21/30
  MC runs done: 22/30
  MC runs done: 23/30
  MC runs done: 24/30
  MC runs done: 25/30
  MC runs done: 26/30
  MC runs done: 27/30
  MC runs done: 28/30
  MC runs done: 29/30
  MC runs done: 30/30
  leak rate 0.822608 +- 0.016640 | shots 30.0 | destroyed value 1493.5

=== dn_5x100_K10_s04.txt (m=5 n=100 K=10 mu=6 pool=30 total_value=8817) ===
  MC runs done: 1/30
  MC runs done: 2/30
  MC runs done: 3/30
  MC runs done: 4/30
  MC runs done: 5/30
  MC runs done: 6/30
  MC runs done: 7/30
  MC runs done: 8/30
  MC runs done: 9/30
  MC runs done: 10/30
  MC runs done: 11/30
  MC runs done: 12/30
  MC runs done: 13/30
  MC runs done: 14/30
  MC runs done: 15/30
  MC runs done: 16/30
  MC runs done: 17/30
  MC runs done: 18/30
  MC runs done: 19/30
  MC runs done: 20/30
  MC runs done: 21/30
  MC runs done: 22/30
  MC runs done: 23/30
  MC runs done: 24/30
  MC runs done: 25/30
  MC runs done: 26/30
  MC runs done: 27/30
  MC runs done: 28/30
  MC runs done: 29/30
  MC runs done: 30/30
  leak rate 0.845416 +- 0.025102 | shots 30.0 | destroyed value 1363.0

=== dn_5x100_K10_s05.txt (m=5 n=100 K=10 mu=6 pool=30 total_value=10196) ===
  MC runs done: 1/30
  MC runs done: 2/30
  MC runs done: 3/30
  MC runs done: 4/30
  MC runs done: 5/30
  MC runs done: 6/30
  MC runs done: 7/30
  MC runs done: 8/30
  MC runs done: 9/30
  MC runs done: 10/30
  MC runs done: 11/30
  MC runs done: 12/30
  MC runs done: 13/30
  MC runs done: 14/30
  MC runs done: 15/30
  MC runs done: 16/30
  MC runs done: 17/30
  MC runs done: 18/30
  MC runs done: 19/30
  MC runs done: 20/30
  MC runs done: 21/30
  MC runs done: 22/30
  MC runs done: 23/30
  MC runs done: 24/30
  MC runs done: 25/30
  MC runs done: 26/30
  MC runs done: 27/30
  MC runs done: 28/30
  MC runs done: 29/30
  MC runs done: 30/30
  leak rate 0.827338 +- 0.014437 | shots 30.0 | destroyed value 1760.5

=== dn_5x100_K10_s06.txt (m=5 n=100 K=10 mu=6 pool=30 total_value=8176) ===
  MC runs done: 1/30
  MC runs done: 2/30
  MC runs done: 3/30
  MC runs done: 4/30
  MC runs done: 5/30
  MC runs done: 6/30
  MC runs done: 7/30
  MC runs done: 8/30
  MC runs done: 9/30
  MC runs done: 10/30
  MC runs done: 11/30
  MC runs done: 12/30
  MC runs done: 13/30
  MC runs done: 14/30
  MC runs done: 15/30
  MC runs done: 16/30
  MC runs done: 17/30
  MC runs done: 18/30
  MC runs done: 19/30
  MC runs done: 20/30
  MC runs done: 21/30
  MC runs done: 22/30
  MC runs done: 23/30
  MC runs done: 24/30
  MC runs done: 25/30
  MC runs done: 26/30
  MC runs done: 27/30
  MC runs done: 28/30
  MC runs done: 29/30
  MC runs done: 30/30
  leak rate 0.855965 +- 0.008284 | shots 30.0 | destroyed value 1177.6

=== dn_5x100_K10_s07.txt (m=5 n=100 K=10 mu=6 pool=30 total_value=8985) ===
  MC runs done: 1/30
  MC runs done: 2/30
  MC runs done: 3/30
  MC runs done: 4/30
  MC runs done: 5/30
  MC runs done: 6/30
  MC runs done: 7/30
  MC runs done: 8/30
  MC runs done: 9/30
  MC runs done: 10/30
  MC runs done: 11/30
  MC runs done: 12/30
  MC runs done: 13/30
  MC runs done: 14/30
  MC runs done: 15/30
  MC runs done: 16/30
  MC runs done: 17/30
  MC runs done: 18/30
  MC runs done: 19/30
  MC runs done: 20/30
  MC runs done: 21/30
  MC runs done: 22/30
  MC runs done: 23/30
  MC runs done: 24/30
  MC runs done: 25/30
  MC runs done: 26/30
  MC runs done: 27/30
  MC runs done: 28/30
  MC runs done: 29/30
  MC runs done: 30/30
  leak rate 0.856279 +- 0.010196 | shots 30.0 | destroyed value 1291.3

=== dn_5x100_K10_s08.txt (m=5 n=100 K=10 mu=6 pool=30 total_value=9141) ===
  MC runs done: 1/30
  MC runs done: 2/30
  MC runs done: 3/30
  MC runs done: 4/30
  MC runs done: 5/30
  MC runs done: 6/30
  MC runs done: 7/30
  MC runs done: 8/30
  MC runs done: 9/30
  MC runs done: 10/30
  MC runs done: 11/30
  MC runs done: 12/30
  MC runs done: 13/30
  MC runs done: 14/30
  MC runs done: 15/30
  MC runs done: 16/30
  MC runs done: 17/30
  MC runs done: 18/30
  MC runs done: 19/30
  MC runs done: 20/30
  MC runs done: 21/30
  MC runs done: 22/30
  MC runs done: 23/30
  MC runs done: 24/30
  MC runs done: 25/30
  MC runs done: 26/30
  MC runs done: 27/30
  MC runs done: 28/30
  MC runs done: 29/30
  MC runs done: 30/30
  leak rate 0.841761 +- 0.011215 | shots 30.0 | destroyed value 1446.5

=== dn_5x100_K10_s09.txt (m=5 n=100 K=10 mu=6 pool=30 total_value=8511) ===
  MC runs done: 1/30
  MC runs done: 2/30
  MC runs done: 3/30
  MC runs done: 4/30
  MC runs done: 5/30
  MC runs done: 6/30
  MC runs done: 7/30
  MC runs done: 8/30
  MC runs done: 9/30
  MC runs done: 10/30
  MC runs done: 11/30
  MC runs done: 12/30
  MC runs done: 13/30
  MC runs done: 14/30
  MC runs done: 15/30
  MC runs done: 16/30
  MC runs done: 17/30
  MC runs done: 18/30
  MC runs done: 19/30
  MC runs done: 20/30
  MC runs done: 21/30
  MC runs done: 22/30
  MC runs done: 23/30
  MC runs done: 24/30
  MC runs done: 25/30
  MC runs done: 26/30
  MC runs done: 27/30
  MC runs done: 28/30
  MC runs done: 29/30
  MC runs done: 30/30
  leak rate 0.840426 +- 0.019333 | shots 30.0 | destroyed value 1358.1

=== dn_5x100_K10_s10.txt (m=5 n=100 K=10 mu=6 pool=30 total_value=9155) ===
  MC runs done: 1/30
  MC runs done: 2/30
  MC runs done: 3/30
  MC runs done: 4/30
  MC runs done: 5/30
  MC runs done: 6/30
  MC runs done: 7/30
  MC runs done: 8/30
  MC runs done: 9/30
  MC runs done: 10/30
  MC runs done: 11/30
  MC runs done: 12/30
  MC runs done: 13/30
  MC runs done: 14/30
  MC runs done: 15/30
  MC runs done: 16/30
  MC runs done: 17/30
  MC runs done: 18/30
  MC runs done: 19/30
  MC runs done: 20/30
  MC runs done: 21/30
  MC runs done: 22/30
  MC runs done: 23/30
  MC runs done: 24/30
  MC runs done: 25/30
  MC runs done: 26/30
  MC runs done: 27/30
  MC runs done: 28/30
  MC runs done: 29/30
  MC runs done: 30/30
  leak rate 0.852514 +- 0.017249 | shots 30.0 | destroyed value 1350.2

=== dn_5x100_K10_s11.txt (m=5 n=100 K=10 mu=6 pool=30 total_value=8850) ===
  MC runs done: 1/30
  MC runs done: 2/30
  MC runs done: 3/30
  MC runs done: 4/30
  MC runs done: 5/30
  MC runs done: 6/30
  MC runs done: 7/30
  MC runs done: 8/30
  MC runs done: 9/30
  MC runs done: 10/30
  MC runs done: 11/30
  MC runs done: 12/30
  MC runs done: 13/30
  MC runs done: 14/30
  MC runs done: 15/30
  MC runs done: 16/30
  MC runs done: 17/30
  MC runs done: 18/30
  MC runs done: 19/30
  MC runs done: 20/30
  MC runs done: 21/30
  MC runs done: 22/30
  MC runs done: 23/30
  MC runs done: 24/30
  MC runs done: 25/30
  MC runs done: 26/30
  MC runs done: 27/30
  MC runs done: 28/30
  MC runs done: 29/30
  MC runs done: 30/30
  leak rate 0.846192 +- 0.011737 | shots 30.0 | destroyed value 1361.2

=== dn_5x100_K10_s12.txt (m=5 n=100 K=10 mu=6 pool=30 total_value=8909) ===
  MC runs done: 1/30
  MC runs done: 2/30
  MC runs done: 3/30
  MC runs done: 4/30
  MC runs done: 5/30
  MC runs done: 6/30
  MC runs done: 7/30
  MC runs done: 8/30
  MC runs done: 9/30
  MC runs done: 10/30
  MC runs done: 11/30
  MC runs done: 12/30
  MC runs done: 13/30
  MC runs done: 14/30
  MC runs done: 15/30
  MC runs done: 16/30
  MC runs done: 17/30
  MC runs done: 18/30
  MC runs done: 19/30
  MC runs done: 20/30
  MC runs done: 21/30
  MC runs done: 22/30
  MC runs done: 23/30
  MC runs done: 24/30
  MC runs done: 25/30
  MC runs done: 26/30
  MC runs done: 27/30
  MC runs done: 28/30
  MC runs done: 29/30
  MC runs done: 30/30
  leak rate 0.845789 +- 0.018264 | shots 30.0 | destroyed value 1373.9

=== dn_5x100_K10_s13.txt (m=5 n=100 K=10 mu=6 pool=30 total_value=9905) ===
  MC runs done: 1/30
  MC runs done: 2/30
  MC runs done: 3/30
  MC runs done: 4/30
  MC runs done: 5/30
  MC runs done: 6/30
  MC runs done: 7/30
  MC runs done: 8/30
  MC runs done: 9/30
  MC runs done: 10/30
  MC runs done: 11/30
  MC runs done: 12/30
  MC runs done: 13/30
  MC runs done: 14/30
  MC runs done: 15/30
  MC runs done: 16/30
  MC runs done: 17/30
  MC runs done: 18/30
  MC runs done: 19/30
  MC runs done: 20/30
  MC runs done: 21/30
  MC runs done: 22/30
  MC runs done: 23/30
  MC runs done: 24/30
  MC runs done: 25/30
  MC runs done: 26/30
  MC runs done: 27/30
  MC runs done: 28/30
  MC runs done: 29/30
  MC runs done: 30/30
  leak rate 0.823971 +- 0.014148 | shots 30.0 | destroyed value 1743.6

=== dn_5x100_K10_s14.txt (m=5 n=100 K=10 mu=6 pool=30 total_value=9190) ===
  MC runs done: 1/30
  MC runs done: 2/30
  MC runs done: 3/30
  MC runs done: 4/30
  MC runs done: 5/30
  MC runs done: 6/30
  MC runs done: 7/30
  MC runs done: 8/30
  MC runs done: 9/30
  MC runs done: 10/30
  MC runs done: 11/30
  MC runs done: 12/30
  MC runs done: 13/30
  MC runs done: 14/30
  MC runs done: 15/30
  MC runs done: 16/30
  MC runs done: 17/30
  MC runs done: 18/30
  MC runs done: 19/30
  MC runs done: 20/30
  MC runs done: 21/30
  MC runs done: 22/30
  MC runs done: 23/30
  MC runs done: 24/30
  MC runs done: 25/30
  MC runs done: 26/30
  MC runs done: 27/30
  MC runs done: 28/30
  MC runs done: 29/30
  MC runs done: 30/30
  leak rate 0.863925 +- 0.016660 | shots 30.0 | destroyed value 1250.5

=== dn_5x100_K10_s15.txt (m=5 n=100 K=10 mu=6 pool=30 total_value=7913) ===
  MC runs done: 1/30
  MC runs done: 2/30
  MC runs done: 3/30
  MC runs done: 4/30
  MC runs done: 5/30
  MC runs done: 6/30
  MC runs done: 7/30
  MC runs done: 8/30
  MC runs done: 9/30
  MC runs done: 10/30
  MC runs done: 11/30
  MC runs done: 12/30
  MC runs done: 13/30
  MC runs done: 14/30
  MC runs done: 15/30
  MC runs done: 16/30
  MC runs done: 17/30
  MC runs done: 18/30
  MC runs done: 19/30
  MC runs done: 20/30
  MC runs done: 21/30
  MC runs done: 22/30
  MC runs done: 23/30
  MC runs done: 24/30
  MC runs done: 25/30
  MC runs done: 26/30
  MC runs done: 27/30
  MC runs done: 28/30
  MC runs done: 29/30
  MC runs done: 30/30
  leak rate 0.821955 +- 0.022980 | shots 30.0 | destroyed value 1408.9

=== dn_5x100_K10_s16.txt (m=5 n=100 K=10 mu=6 pool=30 total_value=8526) ===
  MC runs done: 1/30
  MC runs done: 2/30
  MC runs done: 3/30
  MC runs done: 4/30
  MC runs done: 5/30
  MC runs done: 6/30
  MC runs done: 7/30
  MC runs done: 8/30
  MC runs done: 9/30
  MC runs done: 10/30
  MC runs done: 11/30
  MC runs done: 12/30
  MC runs done: 13/30
  MC runs done: 14/30
  MC runs done: 15/30
  MC runs done: 16/30
  MC runs done: 17/30
  MC runs done: 18/30
  MC runs done: 19/30
  MC runs done: 20/30
  MC runs done: 21/30
  MC runs done: 22/30
  MC runs done: 23/30
  MC runs done: 24/30
  MC runs done: 25/30
  MC runs done: 26/30
  MC runs done: 27/30
  MC runs done: 28/30
  MC runs done: 29/30
  MC runs done: 30/30
  leak rate 0.858844 +- 0.016925 | shots 30.0 | destroyed value 1203.5

=== dn_5x100_K10_s17.txt (m=5 n=100 K=10 mu=6 pool=30 total_value=9044) ===
  MC runs done: 1/30
  MC runs done: 2/30
  MC runs done: 3/30
  MC runs done: 4/30
  MC runs done: 5/30
  MC runs done: 6/30
  MC runs done: 7/30
  MC runs done: 8/30
  MC runs done: 9/30
  MC runs done: 10/30
  MC runs done: 11/30
  MC runs done: 12/30
  MC runs done: 13/30
  MC runs done: 14/30
  MC runs done: 15/30
  MC runs done: 16/30
  MC runs done: 17/30
  MC runs done: 18/30
  MC runs done: 19/30
  MC runs done: 20/30
  MC runs done: 21/30
  MC runs done: 22/30
  MC runs done: 23/30
  MC runs done: 24/30
  MC runs done: 25/30
  MC runs done: 26/30
  MC runs done: 27/30
  MC runs done: 28/30
  MC runs done: 29/30
  MC runs done: 30/30
  leak rate 0.860969 +- 0.011992 | shots 30.0 | destroyed value 1257.4

=== dn_5x100_K10_s18.txt (m=5 n=100 K=10 mu=6 pool=30 total_value=9002) ===
  MC runs done: 1/30
  MC runs done: 2/30
  MC runs done: 3/30
  MC runs done: 4/30
  MC runs done: 5/30
  MC runs done: 6/30
  MC runs done: 7/30
  MC runs done: 8/30
  MC runs done: 9/30
  MC runs done: 10/30
  MC runs done: 11/30
  MC runs done: 12/30
  MC runs done: 13/30
  MC runs done: 14/30
  MC runs done: 15/30
  MC runs done: 16/30
  MC runs done: 17/30
  MC runs done: 18/30
  MC runs done: 19/30
  MC runs done: 20/30
  MC runs done: 21/30
  MC runs done: 22/30
  MC runs done: 23/30
  MC runs done: 24/30
  MC runs done: 25/30
  MC runs done: 26/30
  MC runs done: 27/30
  MC runs done: 28/30
  MC runs done: 29/30
  MC runs done: 30/30
  leak rate 0.835418 +- 0.014169 | shots 30.0 | destroyed value 1481.6

=== dn_5x100_K10_s19.txt (m=5 n=100 K=10 mu=6 pool=30 total_value=8810) ===
  MC runs done: 1/30
  MC runs done: 2/30
  MC runs done: 3/30
  MC runs done: 4/30
  MC runs done: 5/30
  MC runs done: 6/30
  MC runs done: 7/30
  MC runs done: 8/30
  MC runs done: 9/30
  MC runs done: 10/30
  MC runs done: 11/30
  MC runs done: 12/30
  MC runs done: 13/30
  MC runs done: 14/30
  MC runs done: 15/30
  MC runs done: 16/30
  MC runs done: 17/30
  MC runs done: 18/30
  MC runs done: 19/30
  MC runs done: 20/30
  MC runs done: 21/30
  MC runs done: 22/30
  MC runs done: 23/30
  MC runs done: 24/30
  MC runs done: 25/30
  MC runs done: 26/30
  MC runs done: 27/30
  MC runs done: 28/30
  MC runs done: 29/30
  MC runs done: 30/30
  leak rate 0.885755 +- 0.009787 | shots 30.0 | destroyed value 1006.5

=== dn_5x100_K10_s20.txt (m=5 n=100 K=10 mu=6 pool=30 total_value=7875) ===
  MC runs done: 1/30
  MC runs done: 2/30
  MC runs done: 3/30
  MC runs done: 4/30
  MC runs done: 5/30
  MC runs done: 6/30
  MC runs done: 7/30
  MC runs done: 8/30
  MC runs done: 9/30
  MC runs done: 10/30
  MC runs done: 11/30
  MC runs done: 12/30
  MC runs done: 13/30
  MC runs done: 14/30
  MC runs done: 15/30
  MC runs done: 16/30
  MC runs done: 17/30
  MC runs done: 18/30
  MC runs done: 19/30
  MC runs done: 20/30
  MC runs done: 21/30
  MC runs done: 22/30
  MC runs done: 23/30
  MC runs done: 24/30
  MC runs done: 25/30
  MC runs done: 26/30
  MC runs done: 27/30
  MC runs done: 28/30
  MC runs done: 29/30
  MC runs done: 30/30
  leak rate 0.868965 +- 0.012901 | shots 30.0 | destroyed value 1031.9

=== dn_5x100_K10_s21.txt (m=5 n=100 K=10 mu=6 pool=30 total_value=8376) ===
  MC runs done: 1/30
  MC runs done: 2/30
  MC runs done: 3/30
  MC runs done: 4/30
  MC runs done: 5/30
  MC runs done: 6/30
  MC runs done: 7/30
  MC runs done: 8/30
  MC runs done: 9/30
  MC runs done: 10/30
  MC runs done: 11/30
  MC runs done: 12/30
  MC runs done: 13/30
  MC runs done: 14/30
  MC runs done: 15/30
  MC runs done: 16/30
  MC runs done: 17/30
  MC runs done: 18/30
  MC runs done: 19/30
  MC runs done: 20/30
  MC runs done: 21/30
  MC runs done: 22/30
  MC runs done: 23/30
  MC runs done: 24/30
  MC runs done: 25/30
  MC runs done: 26/30
  MC runs done: 27/30
  MC runs done: 28/30
  MC runs done: 29/30
  MC runs done: 30/30
  leak rate 0.874992 +- 0.016562 | shots 30.0 | destroyed value 1047.1

=== dn_5x100_K10_s22.txt (m=5 n=100 K=10 mu=6 pool=30 total_value=9389) ===
  MC runs done: 1/30
  MC runs done: 2/30
  MC runs done: 3/30
  MC runs done: 4/30
  MC runs done: 5/30
  MC runs done: 6/30
  MC runs done: 7/30
  MC runs done: 8/30
  MC runs done: 9/30
  MC runs done: 10/30
  MC runs done: 11/30
  MC runs done: 12/30
  MC runs done: 13/30
  MC runs done: 14/30
  MC runs done: 15/30
  MC runs done: 16/30
  MC runs done: 17/30
  MC runs done: 18/30
  MC runs done: 19/30
  MC runs done: 20/30
  MC runs done: 21/30
  MC runs done: 22/30
  MC runs done: 23/30
  MC runs done: 24/30
  MC runs done: 25/30
  MC runs done: 26/30
  MC runs done: 27/30
  MC runs done: 28/30
  MC runs done: 29/30
  MC runs done: 30/30
  leak rate 0.824557 +- 0.019151 | shots 30.0 | destroyed value 1647.2

=== dn_5x100_K10_s23.txt (m=5 n=100 K=10 mu=6 pool=30 total_value=9402) ===
  MC runs done: 1/30
  MC runs done: 2/30
  MC runs done: 3/30
  MC runs done: 4/30
  MC runs done: 5/30
  MC runs done: 6/30
  MC runs done: 7/30
  MC runs done: 8/30
  MC runs done: 9/30
  MC runs done: 10/30
  MC runs done: 11/30
  MC runs done: 12/30
  MC runs done: 13/30
  MC runs done: 14/30
  MC runs done: 15/30
  MC runs done: 16/30
  MC runs done: 17/30
  MC runs done: 18/30
  MC runs done: 19/30
  MC runs done: 20/30
  MC runs done: 21/30
  MC runs done: 22/30
  MC runs done: 23/30
  MC runs done: 24/30
  MC runs done: 25/30
  MC runs done: 26/30
  MC runs done: 27/30
  MC runs done: 28/30
  MC runs done: 29/30
  MC runs done: 30/30
  leak rate 0.837315 +- 0.016406 | shots 30.0 | destroyed value 1529.6

=== dn_5x100_K10_s24.txt (m=5 n=100 K=10 mu=6 pool=30 total_value=8684) ===
  MC runs done: 1/30
  MC runs done: 2/30
  MC runs done: 3/30
  MC runs done: 4/30
  MC runs done: 5/30
  MC runs done: 6/30
  MC runs done: 7/30
  MC runs done: 8/30
  MC runs done: 9/30
  MC runs done: 10/30
  MC runs done: 11/30
  MC runs done: 12/30
  MC runs done: 13/30
  MC runs done: 14/30
  MC runs done: 15/30
  MC runs done: 16/30
  MC runs done: 17/30
  MC runs done: 18/30
  MC runs done: 19/30
  MC runs done: 20/30
  MC runs done: 21/30
  MC runs done: 22/30
  MC runs done: 23/30
  MC runs done: 24/30
  MC runs done: 25/30
  MC runs done: 26/30
  MC runs done: 27/30
  MC runs done: 28/30
  MC runs done: 29/30
  MC runs done: 30/30
  leak rate 0.825142 +- 0.020337 | shots 30.0 | destroyed value 1518.5

=== dn_5x100_K10_s25.txt (m=5 n=100 K=10 mu=6 pool=30 total_value=8264) ===
  MC runs done: 1/30
  MC runs done: 2/30
  MC runs done: 3/30
  MC runs done: 4/30
  MC runs done: 5/30
  MC runs done: 6/30
  MC runs done: 7/30
  MC runs done: 8/30
  MC runs done: 9/30
  MC runs done: 10/30
  MC runs done: 11/30
  MC runs done: 12/30
  MC runs done: 13/30
  MC runs done: 14/30
  MC runs done: 15/30
  MC runs done: 16/30
  MC runs done: 17/30
  MC runs done: 18/30
  MC runs done: 19/30
  MC runs done: 20/30
  MC runs done: 21/30
  MC runs done: 22/30
  MC runs done: 23/30
  MC runs done: 24/30
  MC runs done: 25/30
  MC runs done: 26/30
  MC runs done: 27/30
  MC runs done: 28/30
  MC runs done: 29/30
  MC runs done: 30/30
  leak rate 0.828223 +- 0.016264 | shots 30.0 | destroyed value 1419.6

=== dn_5x100_K10_s26.txt (m=5 n=100 K=10 mu=6 pool=30 total_value=8976) ===
  MC runs done: 1/30
  MC runs done: 2/30
  MC runs done: 3/30
  MC runs done: 4/30
  MC runs done: 5/30
  MC runs done: 6/30
  MC runs done: 7/30
  MC runs done: 8/30
  MC runs done: 9/30
  MC runs done: 10/30
  MC runs done: 11/30
  MC runs done: 12/30
  MC runs done: 13/30
  MC runs done: 14/30
  MC runs done: 15/30
  MC runs done: 16/30
  MC runs done: 17/30
  MC runs done: 18/30
  MC runs done: 19/30
  MC runs done: 20/30
  MC runs done: 21/30
  MC runs done: 22/30
  MC runs done: 23/30
  MC runs done: 24/30
  MC runs done: 25/30
  MC runs done: 26/30
  MC runs done: 27/30
  MC runs done: 28/30
  MC runs done: 29/30
  MC runs done: 30/30
  leak rate 0.850245 +- 0.014440 | shots 30.0 | destroyed value 1344.2
[cleanup] removed tmp dir output/e35_v4_qmix_gen/train/tmp

reports written: output/e35_v4_qmix_gen/train/family_report.json, output/e35_v4_qmix_gen/train/family_report.md
family leak rate: 0.8456 +- 0.0175 [worst 0.8858]
DN-WTA v3 family evaluation
  split=val instances=dn_5x100_K10_s27.txt, dn_5x100_K10_s28.txt, dn_5x100_K10_s29.txt, dn_5x100_K10_s30.txt
  policy=qmix seeds=30 (base 42) timelimit=30s

=== dn_5x100_K10_s27.txt (m=5 n=100 K=10 mu=6 pool=30 total_value=8180) ===
  MC runs done: 1/30
  MC runs done: 2/30
  MC runs done: 3/30
  MC runs done: 4/30
  MC runs done: 5/30
  MC runs done: 6/30
  MC runs done: 7/30
  MC runs done: 8/30
  MC runs done: 9/30
  MC runs done: 10/30
  MC runs done: 11/30
  MC runs done: 12/30
  MC runs done: 13/30
  MC runs done: 14/30
  MC runs done: 15/30
  MC runs done: 16/30
  MC runs done: 17/30
  MC runs done: 18/30
  MC runs done: 19/30
  MC runs done: 20/30
  MC runs done: 21/30
  MC runs done: 22/30
  MC runs done: 23/30
  MC runs done: 24/30
  MC runs done: 25/30
  MC runs done: 26/30
  MC runs done: 27/30
  MC runs done: 28/30
  MC runs done: 29/30
  MC runs done: 30/30
  leak rate 0.804348 +- 0.021361 | shots 30.0 | destroyed value 1600.4

=== dn_5x100_K10_s28.txt (m=5 n=100 K=10 mu=6 pool=30 total_value=8560) ===
  MC runs done: 1/30
  MC runs done: 2/30
  MC runs done: 3/30
  MC runs done: 4/30
  MC runs done: 5/30
  MC runs done: 6/30
  MC runs done: 7/30
  MC runs done: 8/30
  MC runs done: 9/30
  MC runs done: 10/30
  MC runs done: 11/30
  MC runs done: 12/30
  MC runs done: 13/30
  MC runs done: 14/30
  MC runs done: 15/30
  MC runs done: 16/30
  MC runs done: 17/30
  MC runs done: 18/30
  MC runs done: 19/30
  MC runs done: 20/30
  MC runs done: 21/30
  MC runs done: 22/30
  MC runs done: 23/30
  MC runs done: 24/30
  MC runs done: 25/30
  MC runs done: 26/30
  MC runs done: 27/30
  MC runs done: 28/30
  MC runs done: 29/30
  MC runs done: 30/30
  leak rate 0.829435 +- 0.016763 | shots 30.0 | destroyed value 1460.0

=== dn_5x100_K10_s29.txt (m=5 n=100 K=10 mu=6 pool=30 total_value=8553) ===
  MC runs done: 1/30
  MC runs done: 2/30
  MC runs done: 3/30
  MC runs done: 4/30
  MC runs done: 5/30
  MC runs done: 6/30
  MC runs done: 7/30
  MC runs done: 8/30
  MC runs done: 9/30
  MC runs done: 10/30
  MC runs done: 11/30
  MC runs done: 12/30
  MC runs done: 13/30
  MC runs done: 14/30
  MC runs done: 15/30
  MC runs done: 16/30
  MC runs done: 17/30
  MC runs done: 18/30
  MC runs done: 19/30
  MC runs done: 20/30
  MC runs done: 21/30
  MC runs done: 22/30
  MC runs done: 23/30
  MC runs done: 24/30
  MC runs done: 25/30
  MC runs done: 26/30
  MC runs done: 27/30
  MC runs done: 28/30
  MC runs done: 29/30
  MC runs done: 30/30
  leak rate 0.819564 +- 0.013359 | shots 30.0 | destroyed value 1543.3

=== dn_5x100_K10_s30.txt (m=5 n=100 K=10 mu=6 pool=30 total_value=8397) ===
  MC runs done: 1/30
  MC runs done: 2/30
  MC runs done: 3/30
  MC runs done: 4/30
  MC runs done: 5/30
  MC runs done: 6/30
  MC runs done: 7/30
  MC runs done: 8/30
  MC runs done: 9/30
  MC runs done: 10/30
  MC runs done: 11/30
  MC runs done: 12/30
  MC runs done: 13/30
  MC runs done: 14/30
  MC runs done: 15/30
  MC runs done: 16/30
  MC runs done: 17/30
  MC runs done: 18/30
  MC runs done: 19/30
  MC runs done: 20/30
  MC runs done: 21/30
  MC runs done: 22/30
  MC runs done: 23/30
  MC runs done: 24/30
  MC runs done: 25/30
  MC runs done: 26/30
  MC runs done: 27/30
  MC runs done: 28/30
  MC runs done: 29/30
  MC runs done: 30/30
  leak rate 0.801643 +- 0.024490 | shots 30.0 | destroyed value 1665.6
[cleanup] removed tmp dir output/e35_v4_qmix_gen/val/tmp

reports written: output/e35_v4_qmix_gen/val/family_report.json, output/e35_v4_qmix_gen/val/family_report.md
family leak rate: 0.8137 +- 0.0113 [worst 0.8294]
DN-WTA v3 family evaluation
  split=test instances=dn_5x100_K10_s01.txt, dn_5x100_K10_s02.txt
  policy=qmix seeds=30 (base 42) timelimit=30s

=== dn_5x100_K10_s01.txt (m=5 n=100 K=10 mu=6 pool=30 total_value=8157) ===
  MC runs done: 1/30
  MC runs done: 2/30
  MC runs done: 3/30
  MC runs done: 4/30
  MC runs done: 5/30
  MC runs done: 6/30
  MC runs done: 7/30
  MC runs done: 8/30
  MC runs done: 9/30
  MC runs done: 10/30
  MC runs done: 11/30
  MC runs done: 12/30
  MC runs done: 13/30
  MC runs done: 14/30
  MC runs done: 15/30
  MC runs done: 16/30
  MC runs done: 17/30
  MC runs done: 18/30
  MC runs done: 19/30
  MC runs done: 20/30
  MC runs done: 21/30
  MC runs done: 22/30
  MC runs done: 23/30
  MC runs done: 24/30
  MC runs done: 25/30
  MC runs done: 26/30
  MC runs done: 27/30
  MC runs done: 28/30
  MC runs done: 29/30
  MC runs done: 30/30
  leak rate 0.845421 +- 0.018040 | shots 30.0 | destroyed value 1260.9

=== dn_5x100_K10_s02.txt (m=5 n=100 K=10 mu=6 pool=30 total_value=7616) ===
  MC runs done: 1/30
  MC runs done: 2/30
  MC runs done: 3/30
  MC runs done: 4/30
  MC runs done: 5/30
  MC runs done: 6/30
  MC runs done: 7/30
  MC runs done: 8/30
  MC runs done: 9/30
  MC runs done: 10/30
  MC runs done: 11/30
  MC runs done: 12/30
  MC runs done: 13/30
  MC runs done: 14/30
  MC runs done: 15/30
  MC runs done: 16/30
  MC runs done: 17/30
  MC runs done: 18/30
  MC runs done: 19/30
  MC runs done: 20/30
  MC runs done: 21/30
  MC runs done: 22/30
  MC runs done: 23/30
  MC runs done: 24/30
  MC runs done: 25/30
  MC runs done: 26/30
  MC runs done: 27/30
  MC runs done: 28/30
  MC runs done: 29/30
  MC runs done: 30/30
  leak rate 0.874838 +- 0.010508 | shots 30.0 | destroyed value 953.2
[cleanup] removed tmp dir output/e35_v4_qmix_gen/test/tmp

reports written: output/e35_v4_qmix_gen/test/family_report.json, output/e35_v4_qmix_gen/test/family_report.md
family leak rate: 0.8601 +- 0.0147 [worst 0.8748]
DN-WTA v3 family evaluation
  split=train instances=dn_5x100_K10_s03.txt, dn_5x100_K10_s04.txt, dn_5x100_K10_s05.txt, dn_5x100_K10_s06.txt, dn_5x100_K10_s07.txt, dn_5x100_K10_s08.txt, dn_5x100_K10_s09.txt, dn_5x100_K10_s10.txt, dn_5x100_K10_s11.txt, dn_5x100_K10_s12.txt, dn_5x100_K10_s13.txt, dn_5x100_K10_s14.txt, dn_5x100_K10_s15.txt, dn_5x100_K10_s16.txt, dn_5x100_K10_s17.txt, dn_5x100_K10_s18.txt, dn_5x100_K10_s19.txt, dn_5x100_K10_s20.txt, dn_5x100_K10_s21.txt, dn_5x100_K10_s22.txt, dn_5x100_K10_s23.txt, dn_5x100_K10_s24.txt, dn_5x100_K10_s25.txt, dn_5x100_K10_s26.txt
  policy=mappo seeds=30 (base 42) timelimit=30s

=== dn_5x100_K10_s03.txt (m=5 n=100 K=10 mu=6 pool=30 total_value=8419) ===
  MC runs done: 1/30
  MC runs done: 2/30
  MC runs done: 3/30
  MC runs done: 4/30
  MC runs done: 5/30
  MC runs done: 6/30
  MC runs done: 7/30
  MC runs done: 8/30
  MC runs done: 9/30
  MC runs done: 10/30
  MC runs done: 11/30
  MC runs done: 12/30
  MC runs done: 13/30
  MC runs done: 14/30
  MC runs done: 15/30
  MC runs done: 16/30
  MC runs done: 17/30
  MC runs done: 18/30
  MC runs done: 19/30
  MC runs done: 20/30
  MC runs done: 21/30
  MC runs done: 22/30
  MC runs done: 23/30
  MC runs done: 24/30
  MC runs done: 25/30
  MC runs done: 26/30
  MC runs done: 27/30
  MC runs done: 28/30
  MC runs done: 29/30
  MC runs done: 30/30
  leak rate 0.692497 +- 0.018530 | shots 30.0 | destroyed value 2588.9

=== dn_5x100_K10_s04.txt (m=5 n=100 K=10 mu=6 pool=30 total_value=8817) ===
  MC runs done: 1/30
  MC runs done: 2/30
  MC runs done: 3/30
  MC runs done: 4/30
  MC runs done: 5/30
  MC runs done: 6/30
  MC runs done: 7/30
  MC runs done: 8/30
  MC runs done: 9/30
  MC runs done: 10/30
  MC runs done: 11/30
  MC runs done: 12/30
  MC runs done: 13/30
  MC runs done: 14/30
  MC runs done: 15/30
  MC runs done: 16/30
  MC runs done: 17/30
  MC runs done: 18/30
  MC runs done: 19/30
  MC runs done: 20/30
  MC runs done: 21/30
  MC runs done: 22/30
  MC runs done: 23/30
  MC runs done: 24/30
  MC runs done: 25/30
  MC runs done: 26/30
  MC runs done: 27/30
  MC runs done: 28/30
  MC runs done: 29/30
  MC runs done: 30/30
  leak rate 0.704847 +- 0.019010 | shots 30.0 | destroyed value 2602.4

=== dn_5x100_K10_s05.txt (m=5 n=100 K=10 mu=6 pool=30 total_value=10196) ===
  MC runs done: 1/30
  MC runs done: 2/30
  MC runs done: 3/30
  MC runs done: 4/30
  MC runs done: 5/30
  MC runs done: 6/30
  MC runs done: 7/30
  MC runs done: 8/30
  MC runs done: 9/30
  MC runs done: 10/30
  MC runs done: 11/30
  MC runs done: 12/30
  MC runs done: 13/30
  MC runs done: 14/30
  MC runs done: 15/30
  MC runs done: 16/30
  MC runs done: 17/30
  MC runs done: 18/30
  MC runs done: 19/30
  MC runs done: 20/30
  MC runs done: 21/30
  MC runs done: 22/30
  MC runs done: 23/30
  MC runs done: 24/30
  MC runs done: 25/30
  MC runs done: 26/30
  MC runs done: 27/30
  MC runs done: 28/30
  MC runs done: 29/30
  MC runs done: 30/30
  leak rate 0.711812 +- 0.013925 | shots 28.9 | destroyed value 2938.4

=== dn_5x100_K10_s06.txt (m=5 n=100 K=10 mu=6 pool=30 total_value=8176) ===
  MC runs done: 1/30
  MC runs done: 2/30
  MC runs done: 3/30
  MC runs done: 4/30
  MC runs done: 5/30
  MC runs done: 6/30
  MC runs done: 7/30
  MC runs done: 8/30
  MC runs done: 9/30
  MC runs done: 10/30
  MC runs done: 11/30
  MC runs done: 12/30
  MC runs done: 13/30
  MC runs done: 14/30
  MC runs done: 15/30
  MC runs done: 16/30
  MC runs done: 17/30
  MC runs done: 18/30
  MC runs done: 19/30
  MC runs done: 20/30
  MC runs done: 21/30
  MC runs done: 22/30
  MC runs done: 23/30
  MC runs done: 24/30
  MC runs done: 25/30
  MC runs done: 26/30
  MC runs done: 27/30
  MC runs done: 28/30
  MC runs done: 29/30
  MC runs done: 30/30
  leak rate 0.702984 +- 0.015429 | shots 28.0 | destroyed value 2428.4

=== dn_5x100_K10_s07.txt (m=5 n=100 K=10 mu=6 pool=30 total_value=8985) ===
  MC runs done: 1/30
  MC runs done: 2/30
  MC runs done: 3/30
  MC runs done: 4/30
  MC runs done: 5/30
  MC runs done: 6/30
  MC runs done: 7/30
  MC runs done: 8/30
  MC runs done: 9/30
  MC runs done: 10/30
  MC runs done: 11/30
  MC runs done: 12/30
  MC runs done: 13/30
  MC runs done: 14/30
  MC runs done: 15/30
  MC runs done: 16/30
  MC runs done: 17/30
  MC runs done: 18/30
  MC runs done: 19/30
  MC runs done: 20/30
  MC runs done: 21/30
  MC runs done: 22/30
  MC runs done: 23/30
  MC runs done: 24/30
  MC runs done: 25/30
  MC runs done: 26/30
  MC runs done: 27/30
  MC runs done: 28/30
  MC runs done: 29/30
  MC runs done: 30/30
  leak rate 0.703302 +- 0.015372 | shots 28.0 | destroyed value 2665.8

=== dn_5x100_K10_s08.txt (m=5 n=100 K=10 mu=6 pool=30 total_value=9141) ===
  MC runs done: 1/30
  MC runs done: 2/30
  MC runs done: 3/30
  MC runs done: 4/30
  MC runs done: 5/30
  MC runs done: 6/30
  MC runs done: 7/30
  MC runs done: 8/30
  MC runs done: 9/30
  MC runs done: 10/30
  MC runs done: 11/30
  MC runs done: 12/30
  MC runs done: 13/30
  MC runs done: 14/30
  MC runs done: 15/30
  MC runs done: 16/30
  MC runs done: 17/30
  MC runs done: 18/30
  MC runs done: 19/30
  MC runs done: 20/30
  MC runs done: 21/30
  MC runs done: 22/30
  MC runs done: 23/30
  MC runs done: 24/30
  MC runs done: 25/30
  MC runs done: 26/30
  MC runs done: 27/30
  MC runs done: 28/30
  MC runs done: 29/30
  MC runs done: 30/30
  leak rate 0.693859 +- 0.014706 | shots 30.0 | destroyed value 2798.4

=== dn_5x100_K10_s09.txt (m=5 n=100 K=10 mu=6 pool=30 total_value=8511) ===
  MC runs done: 1/30
  MC runs done: 2/30
  MC runs done: 3/30
  MC runs done: 4/30
  MC runs done: 5/30
  MC runs done: 6/30
  MC runs done: 7/30
  MC runs done: 8/30
  MC runs done: 9/30
  MC runs done: 10/30
  MC runs done: 11/30
  MC runs done: 12/30
  MC runs done: 13/30
  MC runs done: 14/30
  MC runs done: 15/30
  MC runs done: 16/30
  MC runs done: 17/30
  MC runs done: 18/30
  MC runs done: 19/30
  MC runs done: 20/30
  MC runs done: 21/30
  MC runs done: 22/30
  MC runs done: 23/30
  MC runs done: 24/30
  MC runs done: 25/30
  MC runs done: 26/30
  MC runs done: 27/30
  MC runs done: 28/30
  MC runs done: 29/30
  MC runs done: 30/30
  leak rate 0.725167 +- 0.011650 | shots 30.0 | destroyed value 2339.1

=== dn_5x100_K10_s10.txt (m=5 n=100 K=10 mu=6 pool=30 total_value=9155) ===
  MC runs done: 1/30
  MC runs done: 2/30
  MC runs done: 3/30
  MC runs done: 4/30
  MC runs done: 5/30
  MC runs done: 6/30
  MC runs done: 7/30
  MC runs done: 8/30
  MC runs done: 9/30
  MC runs done: 10/30
  MC runs done: 11/30
  MC runs done: 12/30
  MC runs done: 13/30
  MC runs done: 14/30
  MC runs done: 15/30
  MC runs done: 16/30
  MC runs done: 17/30
  MC runs done: 18/30
  MC runs done: 19/30
  MC runs done: 20/30
  MC runs done: 21/30
  MC runs done: 22/30
  MC runs done: 23/30
  MC runs done: 24/30
  MC runs done: 25/30
  MC runs done: 26/30
  MC runs done: 27/30
  MC runs done: 28/30
  MC runs done: 29/30
  MC runs done: 30/30
  leak rate 0.709459 +- 0.017126 | shots 30.0 | destroyed value 2659.9

=== dn_5x100_K10_s11.txt (m=5 n=100 K=10 mu=6 pool=30 total_value=8850) ===
  MC runs done: 1/30
  MC runs done: 2/30
  MC runs done: 3/30
  MC runs done: 4/30
  MC runs done: 5/30
  MC runs done: 6/30
  MC runs done: 7/30
  MC runs done: 8/30
  MC runs done: 9/30
  MC runs done: 10/30
  MC runs done: 11/30
  MC runs done: 12/30
  MC runs done: 13/30
  MC runs done: 14/30
  MC runs done: 15/30
  MC runs done: 16/30
  MC runs done: 17/30
  MC runs done: 18/30
  MC runs done: 19/30
  MC runs done: 20/30
  MC runs done: 21/30
  MC runs done: 22/30
  MC runs done: 23/30
  MC runs done: 24/30
  MC runs done: 25/30
  MC runs done: 26/30
  MC runs done: 27/30
  MC runs done: 28/30
  MC runs done: 29/30
  MC runs done: 30/30
  leak rate 0.742524 +- 0.013380 | shots 29.0 | destroyed value 2278.7

=== dn_5x100_K10_s12.txt (m=5 n=100 K=10 mu=6 pool=30 total_value=8909) ===
  MC runs done: 1/30
  MC runs done: 2/30
  MC runs done: 3/30
  MC runs done: 4/30
  MC runs done: 5/30
  MC runs done: 6/30
  MC runs done: 7/30
  MC runs done: 8/30
  MC runs done: 9/30
  MC runs done: 10/30
  MC runs done: 11/30
  MC runs done: 12/30
  MC runs done: 13/30
  MC runs done: 14/30
  MC runs done: 15/30
  MC runs done: 16/30
  MC runs done: 17/30
  MC runs done: 18/30
  MC runs done: 19/30
  MC runs done: 20/30
  MC runs done: 21/30
  MC runs done: 22/30
  MC runs done: 23/30
  MC runs done: 24/30
  MC runs done: 25/30
  MC runs done: 26/30
  MC runs done: 27/30
  MC runs done: 28/30
  MC runs done: 29/30
  MC runs done: 30/30
  leak rate 0.715673 +- 0.012831 | shots 30.0 | destroyed value 2533.1

=== dn_5x100_K10_s13.txt (m=5 n=100 K=10 mu=6 pool=30 total_value=9905) ===
  MC runs done: 1/30
  MC runs done: 2/30
  MC runs done: 3/30
  MC runs done: 4/30
  MC runs done: 5/30
  MC runs done: 6/30
  MC runs done: 7/30
  MC runs done: 8/30
  MC runs done: 9/30
  MC runs done: 10/30
  MC runs done: 11/30
  MC runs done: 12/30
  MC runs done: 13/30
  MC runs done: 14/30
  MC runs done: 15/30
  MC runs done: 16/30
  MC runs done: 17/30
  MC runs done: 18/30
  MC runs done: 19/30
  MC runs done: 20/30
  MC runs done: 21/30
  MC runs done: 22/30
  MC runs done: 23/30
  MC runs done: 24/30
  MC runs done: 25/30
  MC runs done: 26/30
  MC runs done: 27/30
  MC runs done: 28/30
  MC runs done: 29/30
  MC runs done: 30/30
  leak rate 0.717409 +- 0.014351 | shots 30.0 | destroyed value 2799.1

=== dn_5x100_K10_s14.txt (m=5 n=100 K=10 mu=6 pool=30 total_value=9190) ===
  MC runs done: 1/30
  MC runs done: 2/30
  MC runs done: 3/30
  MC runs done: 4/30
  MC runs done: 5/30
  MC runs done: 6/30
  MC runs done: 7/30
  MC runs done: 8/30
  MC runs done: 9/30
  MC runs done: 10/30
  MC runs done: 11/30
  MC runs done: 12/30
  MC runs done: 13/30
  MC runs done: 14/30
  MC runs done: 15/30
  MC runs done: 16/30
  MC runs done: 17/30
  MC runs done: 18/30
  MC runs done: 19/30
  MC runs done: 20/30
  MC runs done: 21/30
  MC runs done: 22/30
  MC runs done: 23/30
  MC runs done: 24/30
  MC runs done: 25/30
  MC runs done: 26/30
  MC runs done: 27/30
  MC runs done: 28/30
  MC runs done: 29/30
  MC runs done: 30/30
  leak rate 0.722339 +- 0.013134 | shots 29.0 | destroyed value 2551.7

=== dn_5x100_K10_s15.txt (m=5 n=100 K=10 mu=6 pool=30 total_value=7913) ===
  MC runs done: 1/30
  MC runs done: 2/30
  MC runs done: 3/30
  MC runs done: 4/30
  MC runs done: 5/30
  MC runs done: 6/30
  MC runs done: 7/30
  MC runs done: 8/30
  MC runs done: 9/30
  MC runs done: 10/30
  MC runs done: 11/30
  MC runs done: 12/30
  MC runs done: 13/30
  MC runs done: 14/30
  MC runs done: 15/30
  MC runs done: 16/30
  MC runs done: 17/30
  MC runs done: 18/30
  MC runs done: 19/30
  MC runs done: 20/30
  MC runs done: 21/30
  MC runs done: 22/30
  MC runs done: 23/30
  MC runs done: 24/30
  MC runs done: 25/30
  MC runs done: 26/30
  MC runs done: 27/30
  MC runs done: 28/30
  MC runs done: 29/30
  MC runs done: 30/30
  leak rate 0.715148 +- 0.012615 | shots 30.0 | destroyed value 2254.0

=== dn_5x100_K10_s16.txt (m=5 n=100 K=10 mu=6 pool=30 total_value=8526) ===
  MC runs done: 1/30
  MC runs done: 2/30
  MC runs done: 3/30
  MC runs done: 4/30
  MC runs done: 5/30
  MC runs done: 6/30
  MC runs done: 7/30
  MC runs done: 8/30
  MC runs done: 9/30
  MC runs done: 10/30
  MC runs done: 11/30
  MC runs done: 12/30
  MC runs done: 13/30
  MC runs done: 14/30
  MC runs done: 15/30
  MC runs done: 16/30
  MC runs done: 17/30
  MC runs done: 18/30
  MC runs done: 19/30
  MC runs done: 20/30
  MC runs done: 21/30
  MC runs done: 22/30
  MC runs done: 23/30
  MC runs done: 24/30
  MC runs done: 25/30
  MC runs done: 26/30
  MC runs done: 27/30
  MC runs done: 28/30
  MC runs done: 29/30
  MC runs done: 30/30
  leak rate 0.755165 +- 0.011090 | shots 30.0 | destroyed value 2087.5

=== dn_5x100_K10_s17.txt (m=5 n=100 K=10 mu=6 pool=30 total_value=9044) ===
  MC runs done: 1/30
  MC runs done: 2/30
  MC runs done: 3/30
  MC runs done: 4/30
  MC runs done: 5/30
  MC runs done: 6/30
  MC runs done: 7/30
  MC runs done: 8/30
  MC runs done: 9/30
  MC runs done: 10/30
  MC runs done: 11/30
  MC runs done: 12/30
  MC runs done: 13/30
  MC runs done: 14/30
  MC runs done: 15/30
  MC runs done: 16/30
  MC runs done: 17/30
  MC runs done: 18/30
  MC runs done: 19/30
  MC runs done: 20/30
  MC runs done: 21/30
  MC runs done: 22/30
  MC runs done: 23/30
  MC runs done: 24/30
  MC runs done: 25/30
  MC runs done: 26/30
  MC runs done: 27/30
  MC runs done: 28/30
  MC runs done: 29/30
  MC runs done: 30/30
  leak rate 0.764835 +- 0.011460 | shots 30.0 | destroyed value 2126.8

=== dn_5x100_K10_s18.txt (m=5 n=100 K=10 mu=6 pool=30 total_value=9002) ===
  MC runs done: 1/30
  MC runs done: 2/30
  MC runs done: 3/30
  MC runs done: 4/30
  MC runs done: 5/30
  MC runs done: 6/30
  MC runs done: 7/30
  MC runs done: 8/30
  MC runs done: 9/30
  MC runs done: 10/30
  MC runs done: 11/30
  MC runs done: 12/30
  MC runs done: 13/30
  MC runs done: 14/30
  MC runs done: 15/30
  MC runs done: 16/30
  MC runs done: 17/30
  MC runs done: 18/30
  MC runs done: 19/30
  MC runs done: 20/30
  MC runs done: 21/30
  MC runs done: 22/30
  MC runs done: 23/30
  MC runs done: 24/30
  MC runs done: 25/30
  MC runs done: 26/30
  MC runs done: 27/30
  MC runs done: 28/30
  MC runs done: 29/30
  MC runs done: 30/30
  leak rate 0.765460 +- 0.015555 | shots 27.0 | destroyed value 2111.3

=== dn_5x100_K10_s19.txt (m=5 n=100 K=10 mu=6 pool=30 total_value=8810) ===
  MC runs done: 1/30
  MC runs done: 2/30
  MC runs done: 3/30
  MC runs done: 4/30
  MC runs done: 5/30
  MC runs done: 6/30
  MC runs done: 7/30
  MC runs done: 8/30
  MC runs done: 9/30
  MC runs done: 10/30
  MC runs done: 11/30
  MC runs done: 12/30
  MC runs done: 13/30
  MC runs done: 14/30
  MC runs done: 15/30
  MC runs done: 16/30
  MC runs done: 17/30
  MC runs done: 18/30
  MC runs done: 19/30
  MC runs done: 20/30
  MC runs done: 21/30
  MC runs done: 22/30
  MC runs done: 23/30
  MC runs done: 24/30
  MC runs done: 25/30
  MC runs done: 26/30
  MC runs done: 27/30
  MC runs done: 28/30
  MC runs done: 29/30
  MC runs done: 30/30
  leak rate 0.704616 +- 0.015262 | shots 30.0 | destroyed value 2602.3

=== dn_5x100_K10_s20.txt (m=5 n=100 K=10 mu=6 pool=30 total_value=7875) ===
  MC runs done: 1/30
  MC runs done: 2/30
  MC runs done: 3/30
  MC runs done: 4/30
  MC runs done: 5/30
  MC runs done: 6/30
  MC runs done: 7/30
  MC runs done: 8/30
  MC runs done: 9/30
  MC runs done: 10/30
  MC runs done: 11/30
  MC runs done: 12/30
  MC runs done: 13/30
  MC runs done: 14/30
  MC runs done: 15/30
  MC runs done: 16/30
  MC runs done: 17/30
  MC runs done: 18/30
  MC runs done: 19/30
  MC runs done: 20/30
  MC runs done: 21/30
  MC runs done: 22/30
  MC runs done: 23/30
  MC runs done: 24/30
  MC runs done: 25/30
  MC runs done: 26/30
  MC runs done: 27/30
  MC runs done: 28/30
  MC runs done: 29/30
  MC runs done: 30/30
  leak rate 0.685867 +- 0.016801 | shots 28.0 | destroyed value 2473.8

=== dn_5x100_K10_s21.txt (m=5 n=100 K=10 mu=6 pool=30 total_value=8376) ===
  MC runs done: 1/30
  MC runs done: 2/30
  MC runs done: 3/30
  MC runs done: 4/30
  MC runs done: 5/30
  MC runs done: 6/30
  MC runs done: 7/30
  MC runs done: 8/30
  MC runs done: 9/30
  MC runs done: 10/30
  MC runs done: 11/30
  MC runs done: 12/30
  MC runs done: 13/30
  MC runs done: 14/30
  MC runs done: 15/30
  MC runs done: 16/30
  MC runs done: 17/30
  MC runs done: 18/30
  MC runs done: 19/30
  MC runs done: 20/30
  MC runs done: 21/30
  MC runs done: 22/30
  MC runs done: 23/30
  MC runs done: 24/30
  MC runs done: 25/30
  MC runs done: 26/30
  MC runs done: 27/30
  MC runs done: 28/30
  MC runs done: 29/30
  MC runs done: 30/30
  leak rate 0.743545 +- 0.011504 | shots 30.0 | destroyed value 2148.1

=== dn_5x100_K10_s22.txt (m=5 n=100 K=10 mu=6 pool=30 total_value=9389) ===
  MC runs done: 1/30
  MC runs done: 2/30
  MC runs done: 3/30
  MC runs done: 4/30
  MC runs done: 5/30
  MC runs done: 6/30
  MC runs done: 7/30
  MC runs done: 8/30
  MC runs done: 9/30
  MC runs done: 10/30
  MC runs done: 11/30
  MC runs done: 12/30
  MC runs done: 13/30
  MC runs done: 14/30
  MC runs done: 15/30
  MC runs done: 16/30
  MC runs done: 17/30
  MC runs done: 18/30
  MC runs done: 19/30
  MC runs done: 20/30
  MC runs done: 21/30
  MC runs done: 22/30
  MC runs done: 23/30
  MC runs done: 24/30
  MC runs done: 25/30
  MC runs done: 26/30
  MC runs done: 27/30
  MC runs done: 28/30
  MC runs done: 29/30
  MC runs done: 30/30
  leak rate 0.777569 +- 0.009820 | shots 30.0 | destroyed value 2088.4

=== dn_5x100_K10_s23.txt (m=5 n=100 K=10 mu=6 pool=30 total_value=9402) ===
  MC runs done: 1/30
  MC runs done: 2/30
  MC runs done: 3/30
  MC runs done: 4/30
  MC runs done: 5/30
  MC runs done: 6/30
  MC runs done: 7/30
  MC runs done: 8/30
  MC runs done: 9/30
  MC runs done: 10/30
  MC runs done: 11/30
  MC runs done: 12/30
  MC runs done: 13/30
  MC runs done: 14/30
  MC runs done: 15/30
  MC runs done: 16/30
  MC runs done: 17/30
  MC runs done: 18/30
  MC runs done: 19/30
  MC runs done: 20/30
  MC runs done: 21/30
  MC runs done: 22/30
  MC runs done: 23/30
  MC runs done: 24/30
  MC runs done: 25/30
  MC runs done: 26/30
  MC runs done: 27/30
  MC runs done: 28/30
  MC runs done: 29/30
  MC runs done: 30/30
  leak rate 0.743703 +- 0.016857 | shots 28.0 | destroyed value 2409.7

=== dn_5x100_K10_s24.txt (m=5 n=100 K=10 mu=6 pool=30 total_value=8684) ===
  MC runs done: 1/30
  MC runs done: 2/30
  MC runs done: 3/30
  MC runs done: 4/30
  MC runs done: 5/30
  MC runs done: 6/30
  MC runs done: 7/30
  MC runs done: 8/30
  MC runs done: 9/30
  MC runs done: 10/30
  MC runs done: 11/30
  MC runs done: 12/30
  MC runs done: 13/30
  MC runs done: 14/30
  MC runs done: 15/30
  MC runs done: 16/30
  MC runs done: 17/30
  MC runs done: 18/30
  MC runs done: 19/30
  MC runs done: 20/30
  MC runs done: 21/30
  MC runs done: 22/30
  MC runs done: 23/30
  MC runs done: 24/30
  MC runs done: 25/30
  MC runs done: 26/30
  MC runs done: 27/30
  MC runs done: 28/30
  MC runs done: 29/30
  MC runs done: 30/30
  leak rate 0.691195 +- 0.021124 | shots 29.0 | destroyed value 2681.7

=== dn_5x100_K10_s25.txt (m=5 n=100 K=10 mu=6 pool=30 total_value=8264) ===
  MC runs done: 1/30
  MC runs done: 2/30
  MC runs done: 3/30
  MC runs done: 4/30
  MC runs done: 5/30
  MC runs done: 6/30
  MC runs done: 7/30
  MC runs done: 8/30
  MC runs done: 9/30
  MC runs done: 10/30
  MC runs done: 11/30
  MC runs done: 12/30
  MC runs done: 13/30
  MC runs done: 14/30
  MC runs done: 15/30
  MC runs done: 16/30
  MC runs done: 17/30
  MC runs done: 18/30
  MC runs done: 19/30
  MC runs done: 20/30
  MC runs done: 21/30
  MC runs done: 22/30
  MC runs done: 23/30
  MC runs done: 24/30
  MC runs done: 25/30
  MC runs done: 26/30
  MC runs done: 27/30
  MC runs done: 28/30
  MC runs done: 29/30
  MC runs done: 30/30
  leak rate 0.709551 +- 0.016955 | shots 30.0 | destroyed value 2400.3

=== dn_5x100_K10_s26.txt (m=5 n=100 K=10 mu=6 pool=30 total_value=8976) ===
  MC runs done: 1/30
  MC runs done: 2/30
  MC runs done: 3/30
  MC runs done: 4/30
  MC runs done: 5/30
  MC runs done: 6/30
  MC runs done: 7/30
  MC runs done: 8/30
  MC runs done: 9/30
  MC runs done: 10/30
  MC runs done: 11/30
  MC runs done: 12/30
  MC runs done: 13/30
  MC runs done: 14/30
  MC runs done: 15/30
  MC runs done: 16/30
  MC runs done: 17/30
  MC runs done: 18/30
  MC runs done: 19/30
  MC runs done: 20/30
  MC runs done: 21/30
  MC runs done: 22/30
  MC runs done: 23/30
  MC runs done: 24/30
  MC runs done: 25/30
  MC runs done: 26/30
  MC runs done: 27/30
  MC runs done: 28/30
  MC runs done: 29/30
  MC runs done: 30/30
  leak rate 0.736330 +- 0.018175 | shots 28.1 | destroyed value 2366.7
[cleanup] removed tmp dir output/e35_v4_mappo_gen/train/tmp

reports written: output/e35_v4_mappo_gen/train/family_report.json, output/e35_v4_mappo_gen/train/family_report.md
family leak rate: 0.7223 +- 0.0252 [worst 0.7776]
DN-WTA v3 family evaluation
  split=val instances=dn_5x100_K10_s27.txt, dn_5x100_K10_s28.txt, dn_5x100_K10_s29.txt, dn_5x100_K10_s30.txt
  policy=mappo seeds=30 (base 42) timelimit=30s

=== dn_5x100_K10_s27.txt (m=5 n=100 K=10 mu=6 pool=30 total_value=8180) ===
  MC runs done: 1/30
  MC runs done: 2/30
  MC runs done: 3/30
  MC runs done: 4/30
  MC runs done: 5/30
  MC runs done: 6/30
  MC runs done: 7/30
  MC runs done: 8/30
  MC runs done: 9/30
  MC runs done: 10/30
  MC runs done: 11/30
  MC runs done: 12/30
  MC runs done: 13/30
  MC runs done: 14/30
  MC runs done: 15/30
  MC runs done: 16/30
  MC runs done: 17/30
  MC runs done: 18/30
  MC runs done: 19/30
  MC runs done: 20/30
  MC runs done: 21/30
  MC runs done: 22/30
  MC runs done: 23/30
  MC runs done: 24/30
  MC runs done: 25/30
  MC runs done: 26/30
  MC runs done: 27/30
  MC runs done: 28/30
  MC runs done: 29/30
  MC runs done: 30/30
  leak rate 0.717160 +- 0.017578 | shots 30.0 | destroyed value 2313.6

=== dn_5x100_K10_s28.txt (m=5 n=100 K=10 mu=6 pool=30 total_value=8560) ===
  MC runs done: 1/30
  MC runs done: 2/30
  MC runs done: 3/30
  MC runs done: 4/30
  MC runs done: 5/30
  MC runs done: 6/30
  MC runs done: 7/30
  MC runs done: 8/30
  MC runs done: 9/30
  MC runs done: 10/30
  MC runs done: 11/30
  MC runs done: 12/30
  MC runs done: 13/30
  MC runs done: 14/30
  MC runs done: 15/30
  MC runs done: 16/30
  MC runs done: 17/30
  MC runs done: 18/30
  MC runs done: 19/30
  MC runs done: 20/30
  MC runs done: 21/30
  MC runs done: 22/30
  MC runs done: 23/30
  MC runs done: 24/30
  MC runs done: 25/30
  MC runs done: 26/30
  MC runs done: 27/30
  MC runs done: 28/30
  MC runs done: 29/30
  MC runs done: 30/30
  leak rate 0.708341 +- 0.010008 | shots 27.0 | destroyed value 2496.6

=== dn_5x100_K10_s29.txt (m=5 n=100 K=10 mu=6 pool=30 total_value=8553) ===
  MC runs done: 1/30
  MC runs done: 2/30
  MC runs done: 3/30
  MC runs done: 4/30
  MC runs done: 5/30
  MC runs done: 6/30
  MC runs done: 7/30
  MC runs done: 8/30
  MC runs done: 9/30
  MC runs done: 10/30
  MC runs done: 11/30
  MC runs done: 12/30
  MC runs done: 13/30
  MC runs done: 14/30
  MC runs done: 15/30
  MC runs done: 16/30
  MC runs done: 17/30
  MC runs done: 18/30
  MC runs done: 19/30
  MC runs done: 20/30
  MC runs done: 21/30
  MC runs done: 22/30
  MC runs done: 23/30
  MC runs done: 24/30
  MC runs done: 25/30
  MC runs done: 26/30
  MC runs done: 27/30
  MC runs done: 28/30
  MC runs done: 29/30
  MC runs done: 30/30
  leak rate 0.703387 +- 0.018947 | shots 29.0 | destroyed value 2536.9

=== dn_5x100_K10_s30.txt (m=5 n=100 K=10 mu=6 pool=30 total_value=8397) ===
  MC runs done: 1/30
  MC runs done: 2/30
  MC runs done: 3/30
  MC runs done: 4/30
  MC runs done: 5/30
  MC runs done: 6/30
  MC runs done: 7/30
  MC runs done: 8/30
  MC runs done: 9/30
  MC runs done: 10/30
  MC runs done: 11/30
  MC runs done: 12/30
  MC runs done: 13/30
  MC runs done: 14/30
  MC runs done: 15/30
  MC runs done: 16/30
  MC runs done: 17/30
  MC runs done: 18/30
  MC runs done: 19/30
  MC runs done: 20/30
  MC runs done: 21/30
  MC runs done: 22/30
  MC runs done: 23/30
  MC runs done: 24/30
  MC runs done: 25/30
  MC runs done: 26/30
  MC runs done: 27/30
  MC runs done: 28/30
  MC runs done: 29/30
  MC runs done: 30/30
  leak rate 0.728994 +- 0.016414 | shots 30.0 | destroyed value 2275.6
[cleanup] removed tmp dir output/e35_v4_mappo_gen/val/tmp

reports written: output/e35_v4_mappo_gen/val/family_report.json, output/e35_v4_mappo_gen/val/family_report.md
family leak rate: 0.7145 +- 0.0097 [worst 0.7290]
DN-WTA v3 family evaluation
  split=test instances=dn_5x100_K10_s01.txt, dn_5x100_K10_s02.txt
  policy=mappo seeds=30 (base 42) timelimit=30s

=== dn_5x100_K10_s01.txt (m=5 n=100 K=10 mu=6 pool=30 total_value=8157) ===
  MC runs done: 1/30
  MC runs done: 2/30
  MC runs done: 3/30
  MC runs done: 4/30
  MC runs done: 5/30
  MC runs done: 6/30
  MC runs done: 7/30
  MC runs done: 8/30
  MC runs done: 9/30
  MC runs done: 10/30
  MC runs done: 11/30
  MC runs done: 12/30
  MC runs done: 13/30
  MC runs done: 14/30
  MC runs done: 15/30
  MC runs done: 16/30
  MC runs done: 17/30
  MC runs done: 18/30
  MC runs done: 19/30
  MC runs done: 20/30
  MC runs done: 21/30
  MC runs done: 22/30
  MC runs done: 23/30
  MC runs done: 24/30
  MC runs done: 25/30
  MC runs done: 26/30
  MC runs done: 27/30
  MC runs done: 28/30
  MC runs done: 29/30
  MC runs done: 30/30
  leak rate 0.701324 +- 0.014378 | shots 30.0 | destroyed value 2436.3

=== dn_5x100_K10_s02.txt (m=5 n=100 K=10 mu=6 pool=30 total_value=7616) ===
  MC runs done: 1/30
  MC runs done: 2/30
  MC runs done: 3/30
  MC runs done: 4/30
  MC runs done: 5/30
  MC runs done: 6/30
  MC runs done: 7/30
  MC runs done: 8/30
  MC runs done: 9/30
  MC runs done: 10/30
  MC runs done: 11/30
  MC runs done: 12/30
  MC runs done: 13/30
  MC runs done: 14/30
  MC runs done: 15/30
  MC runs done: 16/30
  MC runs done: 17/30
  MC runs done: 18/30
  MC runs done: 19/30
  MC runs done: 20/30
  MC runs done: 21/30
  MC runs done: 22/30
  MC runs done: 23/30
  MC runs done: 24/30
  MC runs done: 25/30
  MC runs done: 26/30
  MC runs done: 27/30
  MC runs done: 28/30
  MC runs done: 29/30
  MC runs done: 30/30
  leak rate 0.692363 +- 0.013381 | shots 30.0 | destroyed value 2343.0
[cleanup] removed tmp dir output/e35_v4_mappo_gen/test/tmp

reports written: output/e35_v4_mappo_gen/test/family_report.json, output/e35_v4_mappo_gen/test/family_report.md
family leak rate: 0.6968 +- 0.0045 [worst 0.7013]
DN-WTA v3 family evaluation
  split=train instances=dn_5x100_K10_s03.txt, dn_5x100_K10_s04.txt, dn_5x100_K10_s05.txt, dn_5x100_K10_s06.txt, dn_5x100_K10_s07.txt, dn_5x100_K10_s08.txt, dn_5x100_K10_s09.txt, dn_5x100_K10_s10.txt, dn_5x100_K10_s11.txt, dn_5x100_K10_s12.txt, dn_5x100_K10_s13.txt, dn_5x100_K10_s14.txt, dn_5x100_K10_s15.txt, dn_5x100_K10_s16.txt, dn_5x100_K10_s17.txt, dn_5x100_K10_s18.txt, dn_5x100_K10_s19.txt, dn_5x100_K10_s20.txt, dn_5x100_K10_s21.txt, dn_5x100_K10_s22.txt, dn_5x100_K10_s23.txt, dn_5x100_K10_s24.txt, dn_5x100_K10_s25.txt, dn_5x100_K10_s26.txt
  policy=marl seeds=30 (base 42) timelimit=30s

=== dn_5x100_K10_s03.txt (m=5 n=100 K=10 mu=6 pool=30 total_value=8419) ===
  MC runs done: 1/30
  MC runs done: 2/30
  MC runs done: 3/30
  MC runs done: 4/30
  MC runs done: 5/30
  MC runs done: 6/30
  MC runs done: 7/30
  MC runs done: 8/30
  MC runs done: 9/30
  MC runs done: 10/30
  MC runs done: 11/30
  MC runs done: 12/30
  MC runs done: 13/30
  MC runs done: 14/30
  MC runs done: 15/30
  MC runs done: 16/30
  MC runs done: 17/30
  MC runs done: 18/30
  MC runs done: 19/30
  MC runs done: 20/30
  MC runs done: 21/30
  MC runs done: 22/30
  MC runs done: 23/30
  MC runs done: 24/30
  MC runs done: 25/30
  MC runs done: 26/30
  MC runs done: 27/30
  MC runs done: 28/30
  MC runs done: 29/30
  MC runs done: 30/30
  leak rate 0.642796 +- 0.021508 | shots 28.2 | destroyed value 3007.3

=== dn_5x100_K10_s04.txt (m=5 n=100 K=10 mu=6 pool=30 total_value=8817) ===
  MC runs done: 1/30
  MC runs done: 2/30
  MC runs done: 3/30
  MC runs done: 4/30
  MC runs done: 5/30
  MC runs done: 6/30
  MC runs done: 7/30
  MC runs done: 8/30
  MC runs done: 9/30
  MC runs done: 10/30
  MC runs done: 11/30
  MC runs done: 12/30
  MC runs done: 13/30
  MC runs done: 14/30
  MC runs done: 15/30
  MC runs done: 16/30
  MC runs done: 17/30
  MC runs done: 18/30
  MC runs done: 19/30
  MC runs done: 20/30
  MC runs done: 21/30
  MC runs done: 22/30
  MC runs done: 23/30
  MC runs done: 24/30
  MC runs done: 25/30
  MC runs done: 26/30
  MC runs done: 27/30
  MC runs done: 28/30
  MC runs done: 29/30
  MC runs done: 30/30
  leak rate 0.658198 +- 0.013670 | shots 30.0 | destroyed value 3013.7

=== dn_5x100_K10_s05.txt (m=5 n=100 K=10 mu=6 pool=30 total_value=10196) ===
  MC runs done: 1/30
  MC runs done: 2/30
  MC runs done: 3/30
  MC runs done: 4/30
  MC runs done: 5/30
  MC runs done: 6/30
  MC runs done: 7/30
  MC runs done: 8/30
  MC runs done: 9/30
  MC runs done: 10/30
  MC runs done: 11/30
  MC runs done: 12/30
  MC runs done: 13/30
  MC runs done: 14/30
  MC runs done: 15/30
  MC runs done: 16/30
  MC runs done: 17/30
  MC runs done: 18/30
  MC runs done: 19/30
  MC runs done: 20/30
  MC runs done: 21/30
  MC runs done: 22/30
  MC runs done: 23/30
  MC runs done: 24/30
  MC runs done: 25/30
  MC runs done: 26/30
  MC runs done: 27/30
  MC runs done: 28/30
  MC runs done: 29/30
  MC runs done: 30/30
  leak rate 0.676438 +- 0.016193 | shots 29.1 | destroyed value 3299.0

=== dn_5x100_K10_s06.txt (m=5 n=100 K=10 mu=6 pool=30 total_value=8176) ===
  MC runs done: 1/30
  MC runs done: 2/30
  MC runs done: 3/30
  MC runs done: 4/30
  MC runs done: 5/30
  MC runs done: 6/30
  MC runs done: 7/30
  MC runs done: 8/30
  MC runs done: 9/30
  MC runs done: 10/30
  MC runs done: 11/30
  MC runs done: 12/30
  MC runs done: 13/30
  MC runs done: 14/30
  MC runs done: 15/30
  MC runs done: 16/30
  MC runs done: 17/30
  MC runs done: 18/30
  MC runs done: 19/30
  MC runs done: 20/30
  MC runs done: 21/30
  MC runs done: 22/30
  MC runs done: 23/30
  MC runs done: 24/30
  MC runs done: 25/30
  MC runs done: 26/30
  MC runs done: 27/30
  MC runs done: 28/30
  MC runs done: 29/30
  MC runs done: 30/30
  leak rate 0.635217 +- 0.018140 | shots 30.0 | destroyed value 2982.5

=== dn_5x100_K10_s07.txt (m=5 n=100 K=10 mu=6 pool=30 total_value=8985) ===
  MC runs done: 1/30
  MC runs done: 2/30
  MC runs done: 3/30
  MC runs done: 4/30
  MC runs done: 5/30
  MC runs done: 6/30
  MC runs done: 7/30
  MC runs done: 8/30
  MC runs done: 9/30
  MC runs done: 10/30
  MC runs done: 11/30
  MC runs done: 12/30
  MC runs done: 13/30
  MC runs done: 14/30
  MC runs done: 15/30
  MC runs done: 16/30
  MC runs done: 17/30
  MC runs done: 18/30
  MC runs done: 19/30
  MC runs done: 20/30
  MC runs done: 21/30
  MC runs done: 22/30
  MC runs done: 23/30
  MC runs done: 24/30
  MC runs done: 25/30
  MC runs done: 26/30
  MC runs done: 27/30
  MC runs done: 28/30
  MC runs done: 29/30
  MC runs done: 30/30
  leak rate 0.688314 +- 0.014761 | shots 30.0 | destroyed value 2800.5

=== dn_5x100_K10_s08.txt (m=5 n=100 K=10 mu=6 pool=30 total_value=9141) ===
  MC runs done: 1/30
  MC runs done: 2/30
  MC runs done: 3/30
  MC runs done: 4/30
  MC runs done: 5/30
  MC runs done: 6/30
  MC runs done: 7/30
  MC runs done: 8/30
  MC runs done: 9/30
  MC runs done: 10/30
  MC runs done: 11/30
  MC runs done: 12/30
  MC runs done: 13/30
  MC runs done: 14/30
  MC runs done: 15/30
  MC runs done: 16/30
  MC runs done: 17/30
  MC runs done: 18/30
  MC runs done: 19/30
  MC runs done: 20/30
  MC runs done: 21/30
  MC runs done: 22/30
  MC runs done: 23/30
  MC runs done: 24/30
  MC runs done: 25/30
  MC runs done: 26/30
  MC runs done: 27/30
  MC runs done: 28/30
  MC runs done: 29/30
  MC runs done: 30/30
  leak rate 0.653718 +- 0.019716 | shots 30.0 | destroyed value 3165.4

=== dn_5x100_K10_s09.txt (m=5 n=100 K=10 mu=6 pool=30 total_value=8511) ===
  MC runs done: 1/30
  MC runs done: 2/30
  MC runs done: 3/30
  MC runs done: 4/30
  MC runs done: 5/30
  MC runs done: 6/30
  MC runs done: 7/30
  MC runs done: 8/30
  MC runs done: 9/30
  MC runs done: 10/30
  MC runs done: 11/30
  MC runs done: 12/30
  MC runs done: 13/30
  MC runs done: 14/30
  MC runs done: 15/30
  MC runs done: 16/30
  MC runs done: 17/30
  MC runs done: 18/30
  MC runs done: 19/30
  MC runs done: 20/30
  MC runs done: 21/30
  MC runs done: 22/30
  MC runs done: 23/30
  MC runs done: 24/30
  MC runs done: 25/30
  MC runs done: 26/30
  MC runs done: 27/30
  MC runs done: 28/30
  MC runs done: 29/30
  MC runs done: 30/30
  leak rate 0.667203 +- 0.018973 | shots 30.0 | destroyed value 2832.4

=== dn_5x100_K10_s10.txt (m=5 n=100 K=10 mu=6 pool=30 total_value=9155) ===
  MC runs done: 1/30
  MC runs done: 2/30
  MC runs done: 3/30
  MC runs done: 4/30
  MC runs done: 5/30
  MC runs done: 6/30
  MC runs done: 7/30
  MC runs done: 8/30
  MC runs done: 9/30
  MC runs done: 10/30
  MC runs done: 11/30
  MC runs done: 12/30
  MC runs done: 13/30
  MC runs done: 14/30
  MC runs done: 15/30
  MC runs done: 16/30
  MC runs done: 17/30
  MC runs done: 18/30
  MC runs done: 19/30
  MC runs done: 20/30
  MC runs done: 21/30
  MC runs done: 22/30
  MC runs done: 23/30
  MC runs done: 24/30
  MC runs done: 25/30
  MC runs done: 26/30
  MC runs done: 27/30
  MC runs done: 28/30
  MC runs done: 29/30
  MC runs done: 30/30
  leak rate 0.649507 +- 0.022261 | shots 30.0 | destroyed value 3208.8

=== dn_5x100_K10_s11.txt (m=5 n=100 K=10 mu=6 pool=30 total_value=8850) ===
  MC runs done: 1/30
  MC runs done: 2/30
  MC runs done: 3/30
  MC runs done: 4/30
  MC runs done: 5/30
  MC runs done: 6/30
  MC runs done: 7/30
  MC runs done: 8/30
  MC runs done: 9/30
  MC runs done: 10/30
  MC runs done: 11/30
  MC runs done: 12/30
  MC runs done: 13/30
  MC runs done: 14/30
  MC runs done: 15/30
  MC runs done: 16/30
  MC runs done: 17/30
  MC runs done: 18/30
  MC runs done: 19/30
  MC runs done: 20/30
  MC runs done: 21/30
  MC runs done: 22/30
  MC runs done: 23/30
  MC runs done: 24/30
  MC runs done: 25/30
  MC runs done: 26/30
  MC runs done: 27/30
  MC runs done: 28/30
  MC runs done: 29/30
  MC runs done: 30/30
  leak rate 0.680670 +- 0.020646 | shots 29.1 | destroyed value 2826.1

=== dn_5x100_K10_s12.txt (m=5 n=100 K=10 mu=6 pool=30 total_value=8909) ===
  MC runs done: 1/30
  MC runs done: 2/30
  MC runs done: 3/30
  MC runs done: 4/30
  MC runs done: 5/30
  MC runs done: 6/30
  MC runs done: 7/30
  MC runs done: 8/30
  MC runs done: 9/30
  MC runs done: 10/30
  MC runs done: 11/30
  MC runs done: 12/30
  MC runs done: 13/30
  MC runs done: 14/30
  MC runs done: 15/30
  MC runs done: 16/30
  MC runs done: 17/30
  MC runs done: 18/30
  MC runs done: 19/30
  MC runs done: 20/30
  MC runs done: 21/30
  MC runs done: 22/30
  MC runs done: 23/30
  MC runs done: 24/30
  MC runs done: 25/30
  MC runs done: 26/30
  MC runs done: 27/30
  MC runs done: 28/30
  MC runs done: 29/30
  MC runs done: 30/30
  leak rate 0.694661 +- 0.016014 | shots 28.2 | destroyed value 2720.3

=== dn_5x100_K10_s13.txt (m=5 n=100 K=10 mu=6 pool=30 total_value=9905) ===
  MC runs done: 1/30
  MC runs done: 2/30
  MC runs done: 3/30
  MC runs done: 4/30
  MC runs done: 5/30
  MC runs done: 6/30
  MC runs done: 7/30
  MC runs done: 8/30
  MC runs done: 9/30
  MC runs done: 10/30
  MC runs done: 11/30
  MC runs done: 12/30
  MC runs done: 13/30
  MC runs done: 14/30
  MC runs done: 15/30
  MC runs done: 16/30
  MC runs done: 17/30
  MC runs done: 18/30
  MC runs done: 19/30
  MC runs done: 20/30
  MC runs done: 21/30
  MC runs done: 22/30
  MC runs done: 23/30
  MC runs done: 24/30
  MC runs done: 25/30
  MC runs done: 26/30
  MC runs done: 27/30
  MC runs done: 28/30
  MC runs done: 29/30
  MC runs done: 30/30
  leak rate 0.658092 +- 0.015060 | shots 30.0 | destroyed value 3386.6

=== dn_5x100_K10_s14.txt (m=5 n=100 K=10 mu=6 pool=30 total_value=9190) ===
  MC runs done: 1/30
  MC runs done: 2/30
  MC runs done: 3/30
  MC runs done: 4/30
  MC runs done: 5/30
  MC runs done: 6/30
  MC runs done: 7/30
  MC runs done: 8/30
  MC runs done: 9/30
  MC runs done: 10/30
  MC runs done: 11/30
  MC runs done: 12/30
  MC runs done: 13/30
  MC runs done: 14/30
  MC runs done: 15/30
  MC runs done: 16/30
  MC runs done: 17/30
  MC runs done: 18/30
  MC runs done: 19/30
  MC runs done: 20/30
  MC runs done: 21/30
  MC runs done: 22/30
  MC runs done: 23/30
  MC runs done: 24/30
  MC runs done: 25/30
  MC runs done: 26/30
  MC runs done: 27/30
  MC runs done: 28/30
  MC runs done: 29/30
  MC runs done: 30/30
  leak rate 0.637305 +- 0.017146 | shots 30.0 | destroyed value 3333.2

=== dn_5x100_K10_s15.txt (m=5 n=100 K=10 mu=6 pool=30 total_value=7913) ===
  MC runs done: 1/30
  MC runs done: 2/30
  MC runs done: 3/30
  MC runs done: 4/30
  MC runs done: 5/30
  MC runs done: 6/30
  MC runs done: 7/30
  MC runs done: 8/30
  MC runs done: 9/30
  MC runs done: 10/30
  MC runs done: 11/30
  MC runs done: 12/30
  MC runs done: 13/30
  MC runs done: 14/30
  MC runs done: 15/30
  MC runs done: 16/30
  MC runs done: 17/30
  MC runs done: 18/30
  MC runs done: 19/30
  MC runs done: 20/30
  MC runs done: 21/30
  MC runs done: 22/30
  MC runs done: 23/30
  MC runs done: 24/30
  MC runs done: 25/30
  MC runs done: 26/30
  MC runs done: 27/30
  MC runs done: 28/30
  MC runs done: 29/30
  MC runs done: 30/30
  leak rate 0.612591 +- 0.033988 | shots 29.3 | destroyed value 3065.6

=== dn_5x100_K10_s16.txt (m=5 n=100 K=10 mu=6 pool=30 total_value=8526) ===
  MC runs done: 1/30
  MC runs done: 2/30
  MC runs done: 3/30
  MC runs done: 4/30
  MC runs done: 5/30
  MC runs done: 6/30
  MC runs done: 7/30
  MC runs done: 8/30
  MC runs done: 9/30
  MC runs done: 10/30
  MC runs done: 11/30
  MC runs done: 12/30
  MC runs done: 13/30
  MC runs done: 14/30
  MC runs done: 15/30
  MC runs done: 16/30
  MC runs done: 17/30
  MC runs done: 18/30
  MC runs done: 19/30
  MC runs done: 20/30
  MC runs done: 21/30
  MC runs done: 22/30
  MC runs done: 23/30
  MC runs done: 24/30
  MC runs done: 25/30
  MC runs done: 26/30
  MC runs done: 27/30
  MC runs done: 28/30
  MC runs done: 29/30
  MC runs done: 30/30
  leak rate 0.661678 +- 0.020218 | shots 29.1 | destroyed value 2884.5

=== dn_5x100_K10_s17.txt (m=5 n=100 K=10 mu=6 pool=30 total_value=9044) ===
  MC runs done: 1/30
  MC runs done: 2/30
  MC runs done: 3/30
  MC runs done: 4/30
  MC runs done: 5/30
  MC runs done: 6/30
  MC runs done: 7/30
  MC runs done: 8/30
  MC runs done: 9/30
  MC runs done: 10/30
  MC runs done: 11/30
  MC runs done: 12/30
  MC runs done: 13/30
  MC runs done: 14/30
  MC runs done: 15/30
  MC runs done: 16/30
  MC runs done: 17/30
  MC runs done: 18/30
  MC runs done: 19/30
  MC runs done: 20/30
  MC runs done: 21/30
  MC runs done: 22/30
  MC runs done: 23/30
  MC runs done: 24/30
  MC runs done: 25/30
  MC runs done: 26/30
  MC runs done: 27/30
  MC runs done: 28/30
  MC runs done: 29/30
  MC runs done: 30/30
  leak rate 0.671465 +- 0.014889 | shots 29.9 | destroyed value 2971.3

=== dn_5x100_K10_s18.txt (m=5 n=100 K=10 mu=6 pool=30 total_value=9002) ===
  MC runs done: 1/30
  MC runs done: 2/30
  MC runs done: 3/30
  MC runs done: 4/30
  MC runs done: 5/30
  MC runs done: 6/30
  MC runs done: 7/30
  MC runs done: 8/30
  MC runs done: 9/30
  MC runs done: 10/30
  MC runs done: 11/30
  MC runs done: 12/30
  MC runs done: 13/30
  MC runs done: 14/30
  MC runs done: 15/30
  MC runs done: 16/30
  MC runs done: 17/30
  MC runs done: 18/30
  MC runs done: 19/30
  MC runs done: 20/30
  MC runs done: 21/30
  MC runs done: 22/30
  MC runs done: 23/30
  MC runs done: 24/30
  MC runs done: 25/30
  MC runs done: 26/30
  MC runs done: 27/30
  MC runs done: 28/30
  MC runs done: 29/30
  MC runs done: 30/30
  leak rate 0.627420 +- 0.021480 | shots 30.0 | destroyed value 3354.0

=== dn_5x100_K10_s19.txt (m=5 n=100 K=10 mu=6 pool=30 total_value=8810) ===
  MC runs done: 1/30
  MC runs done: 2/30
  MC runs done: 3/30
  MC runs done: 4/30
  MC runs done: 5/30
  MC runs done: 6/30
  MC runs done: 7/30
  MC runs done: 8/30
  MC runs done: 9/30
  MC runs done: 10/30
  MC runs done: 11/30
  MC runs done: 12/30
  MC runs done: 13/30
  MC runs done: 14/30
  MC runs done: 15/30
  MC runs done: 16/30
  MC runs done: 17/30
  MC runs done: 18/30
  MC runs done: 19/30
  MC runs done: 20/30
  MC runs done: 21/30
  MC runs done: 22/30
  MC runs done: 23/30
  MC runs done: 24/30
  MC runs done: 25/30
  MC runs done: 26/30
  MC runs done: 27/30
  MC runs done: 28/30
  MC runs done: 29/30
  MC runs done: 30/30
  leak rate 0.645899 +- 0.018282 | shots 30.0 | destroyed value 3119.6

=== dn_5x100_K10_s20.txt (m=5 n=100 K=10 mu=6 pool=30 total_value=7875) ===
  MC runs done: 1/30
  MC runs done: 2/30
  MC runs done: 3/30
  MC runs done: 4/30
  MC runs done: 5/30
  MC runs done: 6/30
  MC runs done: 7/30
  MC runs done: 8/30
  MC runs done: 9/30
  MC runs done: 10/30
  MC runs done: 11/30
  MC runs done: 12/30
  MC runs done: 13/30
  MC runs done: 14/30
  MC runs done: 15/30
  MC runs done: 16/30
  MC runs done: 17/30
  MC runs done: 18/30
  MC runs done: 19/30
  MC runs done: 20/30
  MC runs done: 21/30
  MC runs done: 22/30
  MC runs done: 23/30
  MC runs done: 24/30
  MC runs done: 25/30
  MC runs done: 26/30
  MC runs done: 27/30
  MC runs done: 28/30
  MC runs done: 29/30
  MC runs done: 30/30
  leak rate 0.622307 +- 0.020175 | shots 30.0 | destroyed value 2974.3

=== dn_5x100_K10_s21.txt (m=5 n=100 K=10 mu=6 pool=30 total_value=8376) ===
  MC runs done: 1/30
  MC runs done: 2/30
  MC runs done: 3/30
  MC runs done: 4/30
  MC runs done: 5/30
  MC runs done: 6/30
  MC runs done: 7/30
  MC runs done: 8/30
  MC runs done: 9/30
  MC runs done: 10/30
  MC runs done: 11/30
  MC runs done: 12/30
  MC runs done: 13/30
  MC runs done: 14/30
  MC runs done: 15/30
  MC runs done: 16/30
  MC runs done: 17/30
  MC runs done: 18/30
  MC runs done: 19/30
  MC runs done: 20/30
  MC runs done: 21/30
  MC runs done: 22/30
  MC runs done: 23/30
  MC runs done: 24/30
  MC runs done: 25/30
  MC runs done: 26/30
  MC runs done: 27/30
  MC runs done: 28/30
  MC runs done: 29/30
  MC runs done: 30/30
  leak rate 0.677849 +- 0.018833 | shots 28.2 | destroyed value 2698.3

=== dn_5x100_K10_s22.txt (m=5 n=100 K=10 mu=6 pool=30 total_value=9389) ===
  MC runs done: 1/30
  MC runs done: 2/30
  MC runs done: 3/30
  MC runs done: 4/30
  MC runs done: 5/30
  MC runs done: 6/30
  MC runs done: 7/30
  MC runs done: 8/30
  MC runs done: 9/30
  MC runs done: 10/30
  MC runs done: 11/30
  MC runs done: 12/30
  MC runs done: 13/30
  MC runs done: 14/30
  MC runs done: 15/30
  MC runs done: 16/30
  MC runs done: 17/30
  MC runs done: 18/30
  MC runs done: 19/30
  MC runs done: 20/30
  MC runs done: 21/30
  MC runs done: 22/30
  MC runs done: 23/30
  MC runs done: 24/30
  MC runs done: 25/30
  MC runs done: 26/30
  MC runs done: 27/30
  MC runs done: 28/30
  MC runs done: 29/30
  MC runs done: 30/30
  leak rate 0.676771 +- 0.019684 | shots 30.0 | destroyed value 3034.8

=== dn_5x100_K10_s23.txt (m=5 n=100 K=10 mu=6 pool=30 total_value=9402) ===
  MC runs done: 1/30
  MC runs done: 2/30
  MC runs done: 3/30
  MC runs done: 4/30
  MC runs done: 5/30
  MC runs done: 6/30
  MC runs done: 7/30
  MC runs done: 8/30
  MC runs done: 9/30
  MC runs done: 10/30
  MC runs done: 11/30
  MC runs done: 12/30
  MC runs done: 13/30
  MC runs done: 14/30
  MC runs done: 15/30
  MC runs done: 16/30
  MC runs done: 17/30
  MC runs done: 18/30
  MC runs done: 19/30
  MC runs done: 20/30
  MC runs done: 21/30
  MC runs done: 22/30
  MC runs done: 23/30
  MC runs done: 24/30
  MC runs done: 25/30
  MC runs done: 26/30
  MC runs done: 27/30
  MC runs done: 28/30
  MC runs done: 29/30
  MC runs done: 30/30
  leak rate 0.738967 +- 0.007317 | shots 29.1 | destroyed value 2454.2

=== dn_5x100_K10_s24.txt (m=5 n=100 K=10 mu=6 pool=30 total_value=8684) ===
  MC runs done: 1/30
  MC runs done: 2/30
  MC runs done: 3/30
  MC runs done: 4/30
  MC runs done: 5/30
  MC runs done: 6/30
  MC runs done: 7/30
  MC runs done: 8/30
  MC runs done: 9/30
  MC runs done: 10/30
  MC runs done: 11/30
  MC runs done: 12/30
  MC runs done: 13/30
  MC runs done: 14/30
  MC runs done: 15/30
  MC runs done: 16/30
  MC runs done: 17/30
  MC runs done: 18/30
  MC runs done: 19/30
  MC runs done: 20/30
  MC runs done: 21/30
  MC runs done: 22/30
  MC runs done: 23/30
  MC runs done: 24/30
  MC runs done: 25/30
  MC runs done: 26/30
  MC runs done: 27/30
  MC runs done: 28/30
  MC runs done: 29/30
  MC runs done: 30/30
  leak rate 0.665170 +- 0.015524 | shots 30.0 | destroyed value 2907.7

=== dn_5x100_K10_s25.txt (m=5 n=100 K=10 mu=6 pool=30 total_value=8264) ===
  MC runs done: 1/30
  MC runs done: 2/30
  MC runs done: 3/30
  MC runs done: 4/30
  MC runs done: 5/30
  MC runs done: 6/30
  MC runs done: 7/30
  MC runs done: 8/30
  MC runs done: 9/30
  MC runs done: 10/30
  MC runs done: 11/30
  MC runs done: 12/30
  MC runs done: 13/30
  MC runs done: 14/30
  MC runs done: 15/30
  MC runs done: 16/30
  MC runs done: 17/30
  MC runs done: 18/30
  MC runs done: 19/30
  MC runs done: 20/30
  MC runs done: 21/30
  MC runs done: 22/30
  MC runs done: 23/30
  MC runs done: 24/30
  MC runs done: 25/30
  MC runs done: 26/30
  MC runs done: 27/30
  MC runs done: 28/30
  MC runs done: 29/30
  MC runs done: 30/30
  leak rate 0.622987 +- 0.015426 | shots 29.0 | destroyed value 3115.6

=== dn_5x100_K10_s26.txt (m=5 n=100 K=10 mu=6 pool=30 total_value=8976) ===
  MC runs done: 1/30
  MC runs done: 2/30
  MC runs done: 3/30
  MC runs done: 4/30
  MC runs done: 5/30
  MC runs done: 6/30
  MC runs done: 7/30
  MC runs done: 8/30
  MC runs done: 9/30
  MC runs done: 10/30
  MC runs done: 11/30
  MC runs done: 12/30
  MC runs done: 13/30
  MC runs done: 14/30
  MC runs done: 15/30
  MC runs done: 16/30
  MC runs done: 17/30
  MC runs done: 18/30
  MC runs done: 19/30
  MC runs done: 20/30
  MC runs done: 21/30
  MC runs done: 22/30
  MC runs done: 23/30
  MC runs done: 24/30
  MC runs done: 25/30
  MC runs done: 26/30
  MC runs done: 27/30
  MC runs done: 28/30
  MC runs done: 29/30
  MC runs done: 30/30
  leak rate 0.650724 +- 0.014303 | shots 28.5 | destroyed value 3135.1
[cleanup] removed tmp dir output/e35_v4_ecmappo_gen/train/tmp

reports written: output/e35_v4_ecmappo_gen/train/family_report.json, output/e35_v4_ecmappo_gen/train/family_report.md
family leak rate: 0.6590 +- 0.0272 [worst 0.7390]
DN-WTA v3 family evaluation
  split=val instances=dn_5x100_K10_s27.txt, dn_5x100_K10_s28.txt, dn_5x100_K10_s29.txt, dn_5x100_K10_s30.txt
  policy=marl seeds=30 (base 42) timelimit=30s

=== dn_5x100_K10_s27.txt (m=5 n=100 K=10 mu=6 pool=30 total_value=8180) ===
  MC runs done: 1/30
  MC runs done: 2/30
  MC runs done: 3/30
  MC runs done: 4/30
  MC runs done: 5/30
  MC runs done: 6/30
  MC runs done: 7/30
  MC runs done: 8/30
  MC runs done: 9/30
  MC runs done: 10/30
  MC runs done: 11/30
  MC runs done: 12/30
  MC runs done: 13/30
  MC runs done: 14/30
  MC runs done: 15/30
  MC runs done: 16/30
  MC runs done: 17/30
  MC runs done: 18/30
  MC runs done: 19/30
  MC runs done: 20/30
  MC runs done: 21/30
  MC runs done: 22/30
  MC runs done: 23/30
  MC runs done: 24/30
  MC runs done: 25/30
  MC runs done: 26/30
  MC runs done: 27/30
  MC runs done: 28/30
  MC runs done: 29/30
  MC runs done: 30/30
  leak rate 0.646663 +- 0.017428 | shots 30.0 | destroyed value 2890.3

=== dn_5x100_K10_s28.txt (m=5 n=100 K=10 mu=6 pool=30 total_value=8560) ===
  MC runs done: 1/30
  MC runs done: 2/30
  MC runs done: 3/30
  MC runs done: 4/30
  MC runs done: 5/30
  MC runs done: 6/30
  MC runs done: 7/30
  MC runs done: 8/30
  MC runs done: 9/30
  MC runs done: 10/30
  MC runs done: 11/30
  MC runs done: 12/30
  MC runs done: 13/30
  MC runs done: 14/30
  MC runs done: 15/30
  MC runs done: 16/30
  MC runs done: 17/30
  MC runs done: 18/30
  MC runs done: 19/30
  MC runs done: 20/30
  MC runs done: 21/30
  MC runs done: 22/30
  MC runs done: 23/30
  MC runs done: 24/30
  MC runs done: 25/30
  MC runs done: 26/30
  MC runs done: 27/30
  MC runs done: 28/30
  MC runs done: 29/30
  MC runs done: 30/30
  leak rate 0.621869 +- 0.021774 | shots 30.0 | destroyed value 3236.8

=== dn_5x100_K10_s29.txt (m=5 n=100 K=10 mu=6 pool=30 total_value=8553) ===
  MC runs done: 1/30
  MC runs done: 2/30
  MC runs done: 3/30
  MC runs done: 4/30
  MC runs done: 5/30
  MC runs done: 6/30
  MC runs done: 7/30
  MC runs done: 8/30
  MC runs done: 9/30
  MC runs done: 10/30
  MC runs done: 11/30
  MC runs done: 12/30
  MC runs done: 13/30
  MC runs done: 14/30
  MC runs done: 15/30
  MC runs done: 16/30
  MC runs done: 17/30
  MC runs done: 18/30
  MC runs done: 19/30
  MC runs done: 20/30
  MC runs done: 21/30
  MC runs done: 22/30
  MC runs done: 23/30
  MC runs done: 24/30
  MC runs done: 25/30
  MC runs done: 26/30
  MC runs done: 27/30
  MC runs done: 28/30
  MC runs done: 29/30
  MC runs done: 30/30
  leak rate 0.668093 +- 0.022157 | shots 30.0 | destroyed value 2838.8

=== dn_5x100_K10_s30.txt (m=5 n=100 K=10 mu=6 pool=30 total_value=8397) ===
  MC runs done: 1/30
  MC runs done: 2/30
  MC runs done: 3/30
  MC runs done: 4/30
  MC runs done: 5/30
  MC runs done: 6/30
  MC runs done: 7/30
  MC runs done: 8/30
  MC runs done: 9/30
  MC runs done: 10/30
  MC runs done: 11/30
  MC runs done: 12/30
  MC runs done: 13/30
  MC runs done: 14/30
  MC runs done: 15/30
  MC runs done: 16/30
  MC runs done: 17/30
  MC runs done: 18/30
  MC runs done: 19/30
  MC runs done: 20/30
  MC runs done: 21/30
  MC runs done: 22/30
  MC runs done: 23/30
  MC runs done: 24/30
  MC runs done: 25/30
  MC runs done: 26/30
  MC runs done: 27/30
  MC runs done: 28/30
  MC runs done: 29/30
  MC runs done: 30/30
  leak rate 0.630443 +- 0.020480 | shots 30.0 | destroyed value 3103.2
[cleanup] removed tmp dir output/e35_v4_ecmappo_gen/val/tmp

reports written: output/e35_v4_ecmappo_gen/val/family_report.json, output/e35_v4_ecmappo_gen/val/family_report.md
family leak rate: 0.6418 +- 0.0176 [worst 0.6681]
DN-WTA v3 family evaluation
  split=test instances=dn_5x100_K10_s01.txt, dn_5x100_K10_s02.txt
  policy=marl seeds=30 (base 42) timelimit=30s

=== dn_5x100_K10_s01.txt (m=5 n=100 K=10 mu=6 pool=30 total_value=8157) ===
  MC runs done: 1/30
  MC runs done: 2/30
  MC runs done: 3/30
  MC runs done: 4/30
  MC runs done: 5/30
  MC runs done: 6/30
  MC runs done: 7/30
  MC runs done: 8/30
  MC runs done: 9/30
  MC runs done: 10/30
  MC runs done: 11/30
  MC runs done: 12/30
  MC runs done: 13/30
  MC runs done: 14/30
  MC runs done: 15/30
  MC runs done: 16/30
  MC runs done: 17/30
  MC runs done: 18/30
  MC runs done: 19/30
  MC runs done: 20/30
  MC runs done: 21/30
  MC runs done: 22/30
  MC runs done: 23/30
  MC runs done: 24/30
  MC runs done: 25/30
  MC runs done: 26/30
  MC runs done: 27/30
  MC runs done: 28/30
  MC runs done: 29/30
  MC runs done: 30/30
  leak rate 0.666581 +- 0.008516 | shots 29.1 | destroyed value 2719.7

=== dn_5x100_K10_s02.txt (m=5 n=100 K=10 mu=6 pool=30 total_value=7616) ===
  MC runs done: 1/30
  MC runs done: 2/30
  MC runs done: 3/30
  MC runs done: 4/30
  MC runs done: 5/30
  MC runs done: 6/30
  MC runs done: 7/30
  MC runs done: 8/30
  MC runs done: 9/30
  MC runs done: 10/30
  MC runs done: 11/30
  MC runs done: 12/30
  MC runs done: 13/30
  MC runs done: 14/30
  MC runs done: 15/30
  MC runs done: 16/30
  MC runs done: 17/30
  MC runs done: 18/30
  MC runs done: 19/30
  MC runs done: 20/30
  MC runs done: 21/30
  MC runs done: 22/30
  MC runs done: 23/30
  MC runs done: 24/30
  MC runs done: 25/30
  MC runs done: 26/30
  MC runs done: 27/30
  MC runs done: 28/30
  MC runs done: 29/30
  MC runs done: 30/30
  leak rate 0.618978 +- 0.022081 | shots 30.0 | destroyed value 2901.9
[cleanup] removed tmp dir output/e35_v4_ecmappo_gen/test/tmp

reports written: output/e35_v4_ecmappo_gen/test/family_report.json, output/e35_v4_ecmappo_gen/test/family_report.md
family leak rate: 0.6428 +- 0.0238 [worst 0.6666]
[S5] consolidated report
report written: output/e36_v4_summary/实验报告_v4全算法总览.md
# 实验报告——v4 全算法总览

> 数据族 DN-WTA v4（m=5, n=100, K=10, mu=6, pool=30）；test split 2 实例 × 30 MC seeds（base 42）；
> 指标口径与 v3 主基准一致（泄漏率 leak_rate 为核心指标，越低越好）；gap 为相对逐步 CPLEX 参考的当拍分配价值差。

## 1. 主表：9 算法 test 终评（30 seeds）

| 算法 | leak_rate mean±std | worst | gap_mean | 时延 p50/p90 (s) | 无效交战率 | 弹药效率 |
|---|---|---|---|---|---|---|
| CPLEX(上界) | 0.6954±0.0158 | 0.7112 | 0.00000 | 0.647 / 0.740 | 0.0878 | 86.7 |
| GA(p40g50) | 0.7041±0.0154 | 0.7195 | 0.01237 | 0.556 / 0.689 | 0.0872 | 85.1 |
| Random | 0.8422±0.0016 | 0.8438 | - | 0.000 / 0.000 | 0.0344 | 40.3 |
| Greedy-N | 0.9248±0.0084 | 0.9332 | 0.60510 | 0.602 / 0.756 | 0.4856 | 19.9 |
| Greedy-T | 0.9114±0.0042 | 0.9156 | 0.59189 | 0.597 / 0.751 | 0.6850 | 23.2 |
| MADDPG | 0.8365±0.0025 | 0.8390 | 0.36453 | 0.677 / 0.772 | 0.1767 | 42.8 |
| QMIX | 0.8601±0.0147 | 0.8748 | 0.34864 | 0.722 / 0.787 | 0.2206 | 36.6 |
| MAPPO | 0.6968±0.0045 | 0.7013 | 0.50089 | 0.709 / 0.834 | 0.2011 | 79.5 |
| EC-MAPPO | 0.6428±0.0238 | 0.6666 | 0.40027 | 0.725 / 0.797 | 0.2148 | 94.6 |

## 2. GA 预算敏感性（D3：预算×2 性能单调不降）

| 档位 | pop×gens | leak mean±std | gap_mean |
|---|---|---|---|
| 低 | 0×0 | 0.7089±0.0149 | 0.04932 |
| 主 | 0×0 | 0.7041±0.0154 | 0.01237 |
| 高 | 0×0 | 0.7036±0.0186 | 0.00831 |

## 3. 学习族泛化（30 seeds，leak mean；泛化代价 = train−test）

| 算法 | train(24) | val(4) | test(2) | 泛化代价 |
[S4+S5] ALL DONE at Sat Sep 19 20:27:39 CST 2026
